attempt,success,complex idx,complex name,stoichiometry,graph hash,note,ligand names,ligand stoichiometries,ligand charges,ligand donors,batch idx,batch name,metal,oxi state,topology,similarity,total charge,optimization,isomers,random seed
0,True,0.0,ZANEVARI,C35H29N7O2Pd1,abb94a996f1f342b3d234860251721e5,no optimization,"('unq_CSD-PACPEP-03-a', 'unq_CSD-PAGXAW-02-a', 'unq_CSD-PAWXOD-01-b')","('C14H10N2O2', 'C14H12N2', 'C7H7N3')","(-2.0, 0.0, 0.0)","('N-O-O', 'N-N', 'N')",0,Octahedral_Pd(II),Pd,+2,"(3, 2, 1)","(1, 2, 3)",0,False,Generate Lowest Energy,0
1,True,1.0,EWIRAMAW,C34H32N4Pd1,e13cce35cb8f2d7b55e6fd072d363228,no optimization,"('unq_CSD-PECTEW-03-a', 'unq_CSD-PEBGOV-02-b', 'unq_CSD-PAJLER-01-a')","('C17H11N1', 'C12H12N2', 'C5H9N1')","(-2.0, 0.0, 0.0)","('C-C-N', 'N-N', 'C')",0,Octahedral_Pd(II),Pd,+2,"(3, 2, 1)","(1, 2, 3)",0,False,Generate Lowest Energy,0
2,True,2.0,GEVOLOZA,C32H22N4Pd1,a36423d136b3cb0bd5d0df3f87fa3f64,no optimization,"('unq_CSD-PECTEW-03-a', 'unq_CSD-PAWTIR-02-a', 'unq_CSD-PAHMER-01-f')","('C17H11N1', 'C8H6N2', 'C7H5N1')","(-2.0, 0.0, 0.0)","('C-C-N', 'N-N', 'N')",0,Octahedral_Pd(II),Pd,+2,"(3, 2, 1)","(1, 2, 3)",0,False,Generate Lowest Energy,0
3,True,3.0,EDUJIVIR,C25H24N8O2Pd1,745d5c4391d91a73a6e69269ec5f8dbb,no optimization,"('unq_CSD-PACPEP-03-a', 'unq_CSD-PAVZAO-02-a', 'unq_CSD-PAVZOE-01-b')","('C14H10N2O2', 'C6H6N4', 'C5H8N2')","(-2.0, 0.0, 0.0)","('N-O-O', 'N-N', 'N')",0,Octahedral_Pd(II),Pd,+2,"(3, 2, 1)","(1, 2, 3)",0,False,Generate Lowest Energy,0
4,True,4.0,RIYIQUBI,C25H24N6O2Pd1,c6b2bcc2c3ed93bd376ce79a5b4ad801,no optimization,"('unq_CSD-PEBQET-03-a', 'unq_CSD-PAHMAN-02-a', 'unq_CSD-PAXTIU-01-b')","('C13H11N2O1', 'C6H5N2O1', 'C6H8N2')","(-1.0, -1.0, 0.0)","('N-N-O', 'N-N', 'N')",0,Octahedral_Pd(II),Pd,+2,"(3, 2, 1)","(1, 2, 3)",0,False,Generate Lowest Energy,0
5,False,,,C31H22N8O3Pd1,,clashing ligands,"('unq_CSD-PAYZUN-03-a', 'unq_CSD-PAHMAN-02-a', 'unq_CSD-PAYNEJ-01-b')","('C10H6N5O2', 'C6H5N2O1', 'C15H11N1')","(-1.0, -1.0, 0.0)","('N-N-N', 'N-N', 'N')",0,Octahedral_Pd(II),Pd,+2,"(3, 2, 1)","(1, 2, 3)",0,False,Generate Lowest Energy,0
6,True,5.0,MUQELAGU,C30H24N8O2Pd1,2c750021cbb9105759a6eeda92c67ae8,no optimization,"('unq_CSD-PACPEP-03-a', 'unq_CSD-PAVZAO-02-a', 'unq_CSD-PECCIK-01-e')","('C14H10N2O2', 'C6H6N4', 'C10H8N2')","(-2.0, 0.0, 0.0)","('N-O-O', 'N-N', 'N')",0,Octahedral_Pd(II),Pd,+2,"(3, 2, 1)","(1, 2, 3)",0,False,Generate Lowest Energy,0
7,False,,,C40H32N6Pd1,,clashing ligands,"('unq_CSD-PECTEW-03-a', 'unq_CSD-PEBGUB-02-b', 'unq_CSD-PANFER-01-d')","('C17H11N1', 'C12H12N2', 'C11H9N3')","(-2.0, 0.0, 0.0)","('C-C-N', 'N-N', 'N')",0,Octahedral_Pd(II),Pd,+2,"(3, 2, 1)","(1, 2, 3)",0,False,Generate Lowest Energy,0
8,False,,,C38H29N5Pd1,,clashing ligands,"('unq_CSD-PECTEW-03-a', 'unq_CSD-PAGXAW-02-a', 'unq_CSD-PASVUB-01-a')","('C17H11N1', 'C14H12N2', 'C7H6N2')","(-2.0, 0.0, 0.0)","('C-C-N', 'N-N', 'C')",0,Octahedral_Pd(II),Pd,+2,"(3, 2, 1)","(1, 2, 3)",0,False,Generate Lowest Energy,0
9,True,6.0,UTATAFOB,C32H27N5Pd1,95525d7f8cc911cf671ace0468895011,no optimization,"('unq_CSD-PECTEW-03-a', 'unq_CSD-OZUQOS-02-a', 'unq_CSD-PAVZOE-01-b')","('C17H11N1', 'C10H8N2', 'C5H8N2')","(-2.0, 0.0, 0.0)","('C-C-N', 'N-N', 'N')",0,Octahedral_Pd(II),Pd,+2,"(3, 2, 1)","(1, 2, 3)",0,False,Generate Lowest Energy,0
10,True,7.0,IWIMELUT,C30H26N4Pd1,fe897285c09aff20eebd2f74806855f7,no optimization,"('unq_CSD-PECTEW-03-a', 'unq_CSD-PAWTIR-02-a', 'unq_CSD-PALTOM-01-b')","('C17H11N1', 'C8H6N2', 'C5H9N1')","(-2.0, 0.0, 0.0)","('C-C-N', 'N-N', 'N')",0,Octahedral_Pd(II),Pd,+2,"(3, 2, 1)","(1, 2, 3)",0,False,Generate Lowest Energy,0
11,True,8.0,USAHECOM,C36H28N6O2Pd1,52abe3ede41041b7e13bb585238363ba,no optimization,"('unq_CSD-PACPEP-03-a', 'unq_CSD-OZUQOS-02-a', 'unq_CSD-PAZTIW-01-d')","('C14H10N2O2', 'C10H8N2', 'C12H10N2')","(-2.0, 0.0, 0.0)","('N-O-O', 'N-N', 'N')",0,Octahedral_Pd(II),Pd,+2,"(3, 2, 1)","(1, 2, 3)",0,False,Generate Lowest Energy,0
12,True,9.0,KUKUYITE,C27H25N7O2Pd1,de3bc8e6aa74a8e831b355a5a27078d7,no optimization,"('unq_CSD-PACPEP-03-a', 'unq_CSD-PAVZAO-02-a', 'unq_CSD-OZOKIY-01-a')","('C14H10N2O2', 'C6H6N4', 'C7H9N1')","(-2.0, 0.0, 0.0)","('N-O-O', 'N-N', 'N')",0,Octahedral_Pd(II),Pd,+2,"(3, 2, 1)","(1, 2, 3)",0,False,Generate Lowest Energy,0
13,True,10.0,UGIYEDEH,C34H27N5O3Pd1,e9855f01ef6a37f3cac1804301a2f1c3,no optimization,"('unq_CSD-PACPEP-03-a', 'unq_CSD-PASPEF-02-a', 'unq_CSD-PAQXUD-01-d')","('C14H10N2O2', 'C11H8N2O1', 'C9H9N1')","(-2.0, 0.0, 0.0)","('N-O-O', 'N-N', 'C')",0,Octahedral_Pd(II),Pd,+2,"(3, 2, 1)","(1, 2, 3)",0,False,Generate Lowest Energy,0
14,True,11.0,EJEWASIP,C32H28N4Pd1,616165009deac6f73a81a34f3d4a2734,no optimization,"('unq_CSD-PECTEW-03-a', 'unq_CSD-OZUQOS-02-a', 'unq_CSD-PAJLER-01-a')","('C17H11N1', 'C10H8N2', 'C5H9N1')","(-2.0, 0.0, 0.0)","('C-C-N', 'N-N', 'C')",0,Octahedral_Pd(II),Pd,+2,"(3, 2, 1)","(1, 2, 3)",0,False,Generate Lowest Energy,0
15,True,12.0,NUBAFECE,C29H26N6O2Pd1,84c2877413c6dc7bdd71a5f6ce425299,no optimization,"('unq_CSD-PACPEP-03-a', 'unq_CSD-PEBGOV-02-b', 'unq_CSD-PAGBEE-01-b')","('C14H10N2O2', 'C12H12N2', 'C3H4N2')","(-2.0, 0.0, 0.0)","('N-O-O', 'N-N', 'N')",0,Octahedral_Pd(II),Pd,+2,"(3, 2, 1)","(1, 2, 3)",0,False,Generate Lowest Energy,0
16,False,,,C33H25N9O2Pd1,,clashing ligands,"('unq_CSD-PACPEP-03-a', 'unq_CSD-PANFUG-02-b', 'unq_CSD-PANFER-01-d')","('C14H10N2O2', 'C8H6N4', 'C11H9N3')","(-2.0, 0.0, 0.0)","('N-O-O', 'N-N', 'N')",0,Octahedral_Pd(II),Pd,+2,"(3, 2, 1)","(1, 2, 3)",0,False,Generate Lowest Energy,0
17,True,13.0,LAJUSUXE,C32H34N6Pd1,50699b64225776bff7949859c9eb065f,no optimization,"('unq_CSD-PECTEW-03-a', 'unq_CSD-PEBQUI-02-a', 'unq_CSD-PAWXOD-01-b')","('C17H11N1', 'C8H16N2', 'C7H7N3')","(-2.0, 0.0, 0.0)","('C-C-N', 'N-N', 'N')",0,Octahedral_Pd(II),Pd,+2,"(3, 2, 1)","(1, 2, 3)",0,False,Generate Lowest Energy,0
18,False,,,C32H26N10O2Pd1,,clashing ligands,"('unq_CSD-PACPEP-03-a', 'unq_CSD-PAKFOX-02-a', 'unq_CSD-PABQUE-01-b')","('C14H10N2O2', 'C10H10N6', 'C8H6N2')","(-2.0, 0.0, 0.0)","('N-O-O', 'N-N', 'N')",0,Octahedral_Pd(II),Pd,+2,"(3, 2, 1)","(1, 2, 3)",0,False,Generate Lowest Energy,0
19,True,14.0,KOSEHIHO,C29H21N9Pd1,6028942b66ea0a67a4a504128d688532,no optimization,"('unq_CSD-PECTEW-03-a', 'unq_CSD-PABCIH-02-a', 'unq_CSD-PAKVEF-01-a')","('C17H11N1', 'C12H10N6', 'N2')","(-2.0, 0.0, 0.0)","('C-C-N', 'N-N', 'N')",0,Octahedral_Pd(II),Pd,+2,"(3, 2, 1)","(1, 2, 3)",0,False,Generate Lowest Energy,0
20,True,15.0,RUNIHOXU,C36H29N7O1Pd1,698653c3833e38d041abaa3638630f55,no optimization,"('unq_CSD-PECTEW-03-a', 'unq_CSD-PAKCUA-02-a', 'unq_CSD-PECCIK-01-e')","('C17H11N1', 'C9H10N4O1', 'C10H8N2')","(-2.0, 0.0, 0.0)","('C-C-N', 'N-N', 'N')",0,Octahedral_Pd(II),Pd,+2,"(3, 2, 1)","(1, 2, 3)",0,False,Generate Lowest Energy,0
21,True,16.0,UKUBAWUD,C31H25N7O2Pd1,8f3170cf7d7f6c7b1528bd3277d28b91,no optimization,"('unq_CSD-PACPEP-03-a', 'unq_CSD-PABYUO-02-a', 'unq_CSD-PASVUB-01-a')","('C14H10N2O2', 'C10H9N3', 'C7H6N2')","(-2.0, 0.0, 0.0)","('N-O-O', 'N-N', 'C')",0,Octahedral_Pd(II),Pd,+2,"(3, 2, 1)","(1, 2, 3)",0,False,Generate Lowest Energy,0
22,True,17.0,OVEZEMEP,C27H24N8O2Pd1,f0fdf1a5bfddae95c44c44048a6c9bf4,no optimization,"('unq_CSD-PACPEP-03-a', 'unq_CSD-PANFUG-02-b', 'unq_CSD-PALJAP-01-b')","('C14H10N2O2', 'C8H6N4', 'C5H8N2')","(-2.0, 0.0, 0.0)","('N-O-O', 'N-N', 'C')",0,Octahedral_Pd(II),Pd,+2,"(3, 2, 1)","(1, 2, 3)",0,False,Generate Lowest Energy,0
23,False,,,C37H31N7O2Pd1,,clashing ligands,"('unq_CSD-PACPEP-03-a', 'unq_CSD-PEBGOV-02-b', 'unq_CSD-PANFER-01-d')","('C14H10N2O2', 'C12H12N2', 'C11H9N3')","(-2.0, 0.0, 0.0)","('N-O-O', 'N-N', 'N')",0,Octahedral_Pd(II),Pd,+2,"(3, 2, 1)","(1, 2, 3)",0,False,Generate Lowest Energy,0
24,False,,,C35H27N9O2Pd1,,clashing ligands,"('unq_CSD-PACPEP-03-a', 'unq_CSD-PAHWEB-02-a', 'unq_CSD-PANFER-01-d')","('C14H10N2O2', 'C10H8N4', 'C11H9N3')","(-2.0, 0.0, 0.0)","('N-O-O', 'N-N', 'N')",0,Octahedral_Pd(II),Pd,+2,"(3, 2, 1)","(1, 2, 3)",0,False,Generate Lowest Energy,0
25,True,18.0,CIGIBENA,C27H25N5O3Pd1,ad6bdaf9f01ed2ddbe8d3a13afa3b1ee,no optimization,"('unq_CSD-PACPEP-03-a', 'unq_CSD-PAXXUK-02-a', 'unq_CSD-OZIZII-01-b')","('C14H10N2O2', 'C7H8N2O1', 'C6H7N1')","(-2.0, 0.0, 0.0)","('N-O-O', 'N-N', 'N')",0,Octahedral_Pd(II),Pd,+2,"(3, 2, 1)","(1, 2, 3)",0,False,Generate Lowest Energy,0
26,True,19.0,ICOMACAL,C33H27N5O4Pd1,25d50f52f63e8fb8380ad1ec4b4245db,no optimization,"('unq_CSD-PACPEP-03-a', 'unq_CSD-OZIZAA-02-a', 'unq_CSD-PAHMER-01-f')","('C14H10N2O2', 'C12H12N2O2', 'C7H5N1')","(-2.0, 0.0, 0.0)","('N-O-O', 'N-N', 'N')",0,Octahedral_Pd(II),Pd,+2,"(3, 2, 1)","(1, 2, 3)",0,False,Generate Lowest Energy,0
27,True,20.0,ESOLEBUG,C30H25N5Pd1,79c0c8f6700500bc2fbe8b0e5fab7d75,no optimization,"('unq_CSD-PECTEW-03-a', 'unq_CSD-PAWTIR-02-a', 'unq_CSD-PAVZOE-01-b')","('C17H11N1', 'C8H6N2', 'C5H8N2')","(-2.0, 0.0, 0.0)","('C-C-N', 'N-N', 'N')",0,Octahedral_Pd(II),Pd,+2,"(3, 2, 1)","(1, 2, 3)",0,False,Generate Lowest Energy,0
28,True,21.0,VEYOJUZO,C33H24N6O4Pd1,8845872edaa48d49e8948c2746dd1c3b,no optimization,"('unq_CSD-PECTEW-03-a', 'unq_CSD-PAHLUG-02-a', 'unq_CSD-OZIZII-01-b')","('C17H11N1', 'C10H6N4O4', 'C6H7N1')","(-2.0, 0.0, 0.0)","('C-C-N', 'N-N', 'N')",0,Octahedral_Pd(II),Pd,+2,"(3, 2, 1)","(1, 2, 3)",0,False,Generate Lowest Energy,0
29,False,,,C28H28N6O2Pd1,,clashing ligands,"('unq_CSD-PATWUD-03-a', 'unq_CSD-PAHMAN-02-a', 'unq_CSD-PALZOS-01-a')","('C14H12N3O1', 'C6H5N2O1', 'C8H11N1')","(-1.0, -1.0, 0.0)","('N-N-O', 'N-N', 'N')",0,Octahedral_Pd(II),Pd,+2,"(3, 2, 1)","(1, 2, 3)",0,False,Generate Lowest Energy,0
30,True,22.0,VORACISO,C30H33N5O4Pd1,4d403c30c0589dec393f3f56d04f4796,no optimization,"('unq_CSD-PACPEP-03-a', 'unq_CSD-OZIZAA-02-a', 'unq_CSD-PAKHEP-01-c')","('C14H10N2O2', 'C12H12N2O2', 'C4H11N1')","(-2.0, 0.0, 0.0)","('N-O-O', 'N-N', 'N')",0,Octahedral_Pd(II),Pd,+2,"(3, 2, 1)","(1, 2, 3)",0,False,Generate Lowest Energy,0
31,True,23.0,ARAJELOD,C26H23N7O6Pd1,940f60da39bbe9e5772549ee940b311a,no optimization,"('unq_CSD-PACPEP-03-a', 'unq_CSD-PAHLUG-02-a', 'unq_CSD-PAGDUZ-01-a')","('C14H10N2O2', 'C10H6N4O4', 'C2H7N1')","(-2.0, 0.0, 0.0)","('N-O-O', 'N-N', 'N')",0,Octahedral_Pd(II),Pd,+2,"(3, 2, 1)","(1, 2, 3)",0,False,Generate Lowest Energy,0
32,True,24.0,OGESEGUX,C24H24N6O3Pd1,4fe65903130755154a4e8e65868ec3ba,no optimization,"('unq_CSD-PCSCUP20-03-b', 'unq_CSD-PAHMAN-02-a', 'unq_CSD-PALTOM-01-b')","('C13H10N3O2', 'C6H5N2O1', 'C5H9N1')","(-1.0, -1.0, 0.0)","('N-N-O', 'N-N', 'N')",0,Octahedral_Pd(II),Pd,+2,"(3, 2, 1)","(1, 2, 3)",0,False,Generate Lowest Energy,0
33,True,25.0,ONOGONEK,C30H25N7O2Pd1,a8c87c6dafc9cb779327cef2d4d4226b,no optimization,"('unq_CSD-PACPEP-03-a', 'unq_CSD-PAHWEB-02-a', 'unq_CSD-OZIZII-01-b')","('C14H10N2O2', 'C10H8N4', 'C6H7N1')","(-2.0, 0.0, 0.0)","('N-O-O', 'N-N', 'N')",0,Octahedral_Pd(II),Pd,+2,"(3, 2, 1)","(1, 2, 3)",0,False,Generate Lowest Energy,0
34,True,26.0,UTUDALEW,C32H24N6Pd1,a60c77e7fe1020b58ee0ad6f9e0d51dc,no optimization,"('unq_CSD-PECTEW-03-a', 'unq_CSD-PBIMCU-02-a', 'unq_CSD-PAGBEE-01-b')","('C17H11N1', 'C12H9N3', 'C3H4N2')","(-2.0, 0.0, 0.0)","('C-C-N', 'N-N', 'N')",0,Octahedral_Pd(II),Pd,+2,"(3, 2, 1)","(1, 2, 3)",0,False,Generate Lowest Energy,0
35,True,27.0,IQENUBEF,C33H27N5O2Pd1,d93f07ec3f05fe25d82ce01ab14b66ca,no optimization,"('unq_CSD-PACPEP-03-a', 'unq_CSD-PEBGOV-02-b', 'unq_CSD-PAHMER-01-f')","('C14H10N2O2', 'C12H12N2', 'C7H5N1')","(-2.0, 0.0, 0.0)","('N-O-O', 'N-N', 'N')",0,Octahedral_Pd(II),Pd,+2,"(3, 2, 1)","(1, 2, 3)",0,False,Generate Lowest Energy,0
36,True,28.0,OQICAKIW,C33H27N9Pd1,97ad109636ba7374cef0f98539699430,no optimization,"('unq_CSD-PECTEW-03-a', 'unq_CSD-PABCIH-02-a', 'unq_CSD-PACLIO-01-a')","('C17H11N1', 'C12H10N6', 'C4H6N2')","(-2.0, 0.0, 0.0)","('C-C-N', 'N-N', 'N')",0,Octahedral_Pd(II),Pd,+2,"(3, 2, 1)","(1, 2, 3)",0,False,Generate Lowest Energy,0
37,True,29.0,SONALUDO,C28H25N5O2Pd1,75139fdda8755ddb9b8799672844a5be,no optimization,"('unq_CSD-PACPEP-03-a', 'unq_CSD-PAQVOV-02-a', 'unq_CSD-PAFKOY-01-a')","('C14H10N2O2', 'C12H12N2', 'C2H3N1')","(-2.0, 0.0, 0.0)","('N-O-O', 'N-N', 'C')",0,Octahedral_Pd(II),Pd,+2,"(3, 2, 1)","(1, 2, 3)",0,False,Generate Lowest Energy,0
38,True,30.0,GADUKUQE,C30H23N7O6Pd1,05043f2eaf333455446e6aad823344c2,no optimization,"('unq_CSD-PACPEP-03-a', 'unq_CSD-PAHLUG-02-a', 'unq_CSD-OZIZII-01-b')","('C14H10N2O2', 'C10H6N4O4', 'C6H7N1')","(-2.0, 0.0, 0.0)","('N-O-O', 'N-N', 'N')",0,Octahedral_Pd(II),Pd,+2,"(3, 2, 1)","(1, 2, 3)",0,False,Generate Lowest Energy,0
39,True,31.0,OMADIJOH,C22H19N7O3Pd1,de0c58633f05f528b179b0b9492fc423,no optimization,"('unq_CSD-PCSCUP20-03-b', 'unq_CSD-PAHMAN-02-a', 'unq_CSD-PAGBEE-01-b')","('C13H10N3O2', 'C6H5N2O1', 'C3H4N2')","(-1.0, -1.0, 0.0)","('N-N-O', 'N-N', 'N')",0,Octahedral_Pd(II),Pd,+2,"(3, 2, 1)","(1, 2, 3)",0,False,Generate Lowest Energy,0
40,False,,,C37H27N7O2Pd1,,clashing ligands,"('unq_CSD-PACPEP-03-a', 'unq_CSD-PAVKUS-02-a', 'unq_CSD-PABQUE-01-b')","('C14H10N2O2', 'C15H11N3', 'C8H6N2')","(-2.0, 0.0, 0.0)","('N-O-O', 'N-N', 'N')",0,Octahedral_Pd(II),Pd,+2,"(3, 2, 1)","(1, 2, 3)",0,False,Generate Lowest Energy,0
41,True,32.0,GAWIWAVA,C35H29N7O1Pd1,ec2dc879d45a41069f7e3ca24c4fdd01,no optimization,"('unq_CSD-PECTEW-03-a', 'unq_CSD-PAKCUA-02-a', 'unq_CSD-PAVNEG-01-a')","('C17H11N1', 'C9H10N4O1', 'C9H8N2')","(-2.0, 0.0, 0.0)","('C-C-N', 'N-N', 'N')",0,Octahedral_Pd(II),Pd,+2,"(3, 2, 1)","(1, 2, 3)",0,False,Generate Lowest Energy,0
42,True,33.0,WOREDEKI,C26H27N7O2Pd1,f6a3df4b5f913a7f8a8c5d6798213898,no optimization,"('unq_CSD-PACPEP-03-a', 'unq_CSD-PAZVUI-02-a', 'unq_CSD-PAGDUZ-01-a')","('C14H10N2O2', 'C10H10N4', 'C2H7N1')","(-2.0, 0.0, 0.0)","('N-O-O', 'N-N', 'N')",0,Octahedral_Pd(II),Pd,+2,"(3, 2, 1)","(1, 2, 3)",0,False,Generate Lowest Energy,0
43,True,34.0,DUMADUPI,C39H29N5O2Pd1,dfa2adfbfeb1819b47e65a843cf625c7,no optimization,"('unq_CSD-PACPEP-03-a', 'unq_CSD-PABYUO-02-a', 'unq_CSD-PCPCCR01-01-b')","('C14H10N2O2', 'C10H9N3', 'C15H10')","(-2.0, 0.0, 0.0)","('N-O-O', 'N-N', 'C')",0,Octahedral_Pd(II),Pd,+2,"(3, 2, 1)","(1, 2, 3)",0,False,Generate Lowest Energy,0
44,True,35.0,WUDATIBI,C30H30N8Pd1,bc3ca05a3716326cb4a024eaf1513df8,no optimization,"('unq_CSD-PECTEW-03-a', 'unq_CSD-PAKFOX-02-a', 'unq_CSD-PALZUY-01-a')","('C17H11N1', 'C10H10N6', 'C3H9N1')","(-2.0, 0.0, 0.0)","('C-C-N', 'N-N', 'N')",0,Octahedral_Pd(II),Pd,+2,"(3, 2, 1)","(1, 2, 3)",0,False,Generate Lowest Energy,0
45,True,36.0,SULIPORU,C33H32N6O4Pd1,c1d97b26058f9bf05a794f2fb859f585,no optimization,"('unq_CSD-PACPEP-03-a', 'unq_CSD-OZIZAA-02-a', 'unq_CSD-PAYXOE-01-a')","('C14H10N2O2', 'C12H12N2O2', 'C7H10N2')","(-2.0, 0.0, 0.0)","('N-O-O', 'N-N', 'N')",0,Octahedral_Pd(II),Pd,+2,"(3, 2, 1)","(1, 2, 3)",0,False,Generate Lowest Energy,0
46,True,37.0,OTIYOKAG,C41H31N9Pd1,f0fdf8ed67208737e3fe7e53591a8d78,no optimization,"('unq_CSD-PECTEW-03-a', 'unq_CSD-PABCIH-02-a', 'unq_CSD-PAZTIW-01-d')","('C17H11N1', 'C12H10N6', 'C12H10N2')","(-2.0, 0.0, 0.0)","('C-C-N', 'N-N', 'N')",0,Octahedral_Pd(II),Pd,+2,"(3, 2, 1)","(1, 2, 3)",0,False,Generate Lowest Energy,0
47,False,,,C37H28N4O1Pd1,,clashing ligands,"('unq_CSD-PECTEW-03-a', 'unq_CSD-PAXXUK-02-a', 'unq_CSD-PASZUG-01-a')","('C17H11N1', 'C7H8N2O1', 'C13H9N1')","(-2.0, 0.0, 0.0)","('C-C-N', 'N-N', 'N')",0,Octahedral_Pd(II),Pd,+2,"(3, 2, 1)","(1, 2, 3)",0,False,Generate Lowest Energy,0
48,True,38.0,CUWEXIHA,C35H29N5O2Pd1,af532306b314ebbdb57df3d2366109bb,no optimization,"('unq_CSD-PACPEP-03-a', 'unq_CSD-PEBGOV-02-b', 'unq_CSD-PAMSON-01-d')","('C14H10N2O2', 'C12H12N2', 'C9H7N1')","(-2.0, 0.0, 0.0)","('N-O-O', 'N-N', 'N')",0,Octahedral_Pd(II),Pd,+2,"(3, 2, 1)","(1, 2, 3)",0,False,Generate Lowest Energy,0
49,True,39.0,OZIXEWUW,C26H25N5Pd1,050e522231679d93a374e633d20d2562,no optimization,"('unq_CSD-PECTEW-03-a', 'unq_CSD-PADSIW-02-a', 'unq_CSD-PAHNUJ-01-d')","('C17H11N1', 'C6H8N2', 'C3H6N2')","(-2.0, 0.0, 0.0)","('C-C-N', 'N-N', 'N')",0,Octahedral_Pd(II),Pd,+2,"(3, 2, 1)","(1, 2, 3)",0,False,Generate Lowest Energy,0
50,False,,,C34H27N7O1Pd1,,clashing ligands,"('unq_CSD-PECTEW-03-a', 'unq_CSD-PAKCUA-02-a', 'unq_CSD-PABQUE-01-b')","('C17H11N1', 'C9H10N4O1', 'C8H6N2')","(-2.0, 0.0, 0.0)","('C-C-N', 'N-N', 'N')",0,Octahedral_Pd(II),Pd,+2,"(3, 2, 1)","(1, 2, 3)",0,False,Generate Lowest Energy,0
51,True,40.0,SOHURIVO,C33H28N6O2Pd1,0ea7d6488dc772f52b0b0920a58e7914,no optimization,"('unq_CSD-PACPEP-03-a', 'unq_CSD-PEBGOV-02-b', 'unq_CSD-PASVUB-01-a')","('C14H10N2O2', 'C12H12N2', 'C7H6N2')","(-2.0, 0.0, 0.0)","('N-O-O', 'N-N', 'C')",0,Octahedral_Pd(II),Pd,+2,"(3, 2, 1)","(1, 2, 3)",0,False,Generate Lowest Energy,0
52,True,41.0,OLETISOR,C26H24N8O2Pd1,a65a20def0b8766ca55a79e24abafcd8,no optimization,"('unq_CSD-PACPEP-03-a', 'unq_CSD-PAHQOF-02-a', 'unq_CSD-PALVON-01-a')","('C14H10N2O2', 'C6H10N4', 'C6H4N2')","(-2.0, 0.0, 0.0)","('N-O-O', 'N-N', 'N')",0,Octahedral_Pd(II),Pd,+2,"(3, 2, 1)","(1, 2, 3)",0,False,Generate Lowest Energy,0
53,True,42.0,HAQUZESU,C32H27N7O6Pd1,e0b03abb3acb9ff1ae7f03be24907de5,no optimization,"('unq_CSD-PACPEP-03-a', 'unq_CSD-PAHLUG-02-a', 'unq_CSD-PALZOS-01-a')","('C14H10N2O2', 'C10H6N4O4', 'C8H11N1')","(-2.0, 0.0, 0.0)","('N-O-O', 'N-N', 'N')",0,Octahedral_Pd(II),Pd,+2,"(3, 2, 1)","(1, 2, 3)",0,False,Generate Lowest Energy,0
54,True,43.0,AKUDIDIF,C23H22N8O2Pd1,b5e28cef78cd9212b8a94e9f3f3eb382,no optimization,"('unq_CSD-PACPEP-03-a', 'unq_CSD-PAVZAO-02-a', 'unq_CSD-PAHNUJ-01-d')","('C14H10N2O2', 'C6H6N4', 'C3H6N2')","(-2.0, 0.0, 0.0)","('N-O-O', 'N-N', 'N')",0,Octahedral_Pd(II),Pd,+2,"(3, 2, 1)","(1, 2, 3)",0,False,Generate Lowest Energy,0
55,True,44.0,JEPEVOCO,C24H29N5O2Pd1,2c842f4e2f728b02d1edb92a4c491e09,no optimization,"('unq_CSD-PACPEP-03-a', 'unq_CSD-PEBQUI-02-a', 'unq_CSD-PAFCIJ-01-b')","('C14H10N2O2', 'C8H16N2', 'C2H3N1')","(-2.0, 0.0, 0.0)","('N-O-O', 'N-N', 'N')",0,Octahedral_Pd(II),Pd,+2,"(3, 2, 1)","(1, 2, 3)",0,False,Generate Lowest Energy,0
56,False,,,C38H24N6Pd1,,clashing ligands,"('unq_CSD-PECTEW-03-a', 'unq_CSD-OZIYUT-02-a', 'unq_CSD-PAMSON-01-d')","('C17H11N1', 'C12H6N4', 'C9H7N1')","(-2.0, 0.0, 0.0)","('C-C-N', 'N-N', 'N')",0,Octahedral_Pd(II),Pd,+2,"(3, 2, 1)","(1, 2, 3)",0,False,Generate Lowest Energy,0
57,True,45.0,FUTIPUJO,C26H21N7O1Pd1,ec1d6b912a2035fea685424f29738a88,no optimization,"('unq_CSD-PECTEW-03-a', 'unq_CSD-PAKCUA-02-a', 'unq_CSD-PAKVEF-01-a')","('C17H11N1', 'C9H10N4O1', 'N2')","(-2.0, 0.0, 0.0)","('C-C-N', 'N-N', 'N')",0,Octahedral_Pd(II),Pd,+2,"(3, 2, 1)","(1, 2, 3)",0,False,Generate Lowest Energy,0
58,True,46.0,ITUXUGEB,C26H22N4O1Pd1,8859b40ae4c4b7b17e96a59403e43719,no optimization,"('unq_CSD-PECTEW-03-a', 'unq_CSD-PAXXUK-02-a', 'unq_CSD-PAFKOY-01-a')","('C17H11N1', 'C7H8N2O1', 'C2H3N1')","(-2.0, 0.0, 0.0)","('C-C-N', 'N-N', 'C')",0,Octahedral_Pd(II),Pd,+2,"(3, 2, 1)","(1, 2, 3)",0,False,Generate Lowest Energy,0
59,True,47.0,DUNADOTE,C33H28N8Pd1,5a2cf465b869822d6dec02a831f811aa,no optimization,"('unq_CSD-PECTEW-03-a', 'unq_CSD-PAKFOX-02-a', 'unq_CSD-OZIZII-01-b')","('C17H11N1', 'C10H10N6', 'C6H7N1')","(-2.0, 0.0, 0.0)","('C-C-N', 'N-N', 'N')",0,Octahedral_Pd(II),Pd,+2,"(3, 2, 1)","(1, 2, 3)",0,False,Generate Lowest Energy,0
60,True,48.0,RUYOZAGO,C31H25N7O2Pd1,26cec619018b3c4cc99331e3deae5120,no optimization,"('unq_CSD-PACPEP-03-a', 'unq_CSD-OZIYUT-02-a', 'unq_CSD-PAJLER-01-a')","('C14H10N2O2', 'C12H6N4', 'C5H9N1')","(-2.0, 0.0, 0.0)","('N-O-O', 'N-N', 'C')",0,Octahedral_Pd(II),Pd,+2,"(3, 2, 1)","(1, 2, 3)",0,False,Generate Lowest Energy,0
61,True,49.0,TUJALEZO,C31H27N5O2Pd1,b2ef12535fc93d0f6dda81eaef8f7a25,no optimization,"('unq_CSD-PACPEP-03-a', 'unq_CSD-OZUQIM-02-a', 'unq_CSD-PAJLER-01-a')","('C14H10N2O2', 'C12H8N2', 'C5H9N1')","(-2.0, 0.0, 0.0)","('N-O-O', 'N-N', 'C')",0,Octahedral_Pd(II),Pd,+2,"(3, 2, 1)","(1, 2, 3)",0,False,Generate Lowest Energy,0
62,True,50.0,IFARIHUW,C27H20N4Pd1,c27190fff78c4840cb0be5268667af75,no optimization,"('unq_CSD-PECTEW-03-a', 'unq_CSD-PAWTIR-02-a', 'unq_CSD-PAFCIJ-01-b')","('C17H11N1', 'C8H6N2', 'C2H3N1')","(-2.0, 0.0, 0.0)","('C-C-N', 'N-N', 'N')",0,Octahedral_Pd(II),Pd,+2,"(3, 2, 1)","(1, 2, 3)",0,False,Generate Lowest Energy,0
63,True,51.0,ETAZATON,C24H24N6O2Pd1,03323da997b84f07eded58155c2c4aaf,no optimization,"('unq_CSD-PEBQET-03-a', 'unq_CSD-PAHMAN-02-a', 'unq_CSD-PAVZOE-01-b')","('C13H11N2O1', 'C6H5N2O1', 'C5H8N2')","(-1.0, -1.0, 0.0)","('N-N-O', 'N-N', 'N')",0,Octahedral_Pd(II),Pd,+2,"(3, 2, 1)","(1, 2, 3)",0,False,Generate Lowest Energy,0
64,True,52.0,LEFUFUYO,C24H20N10O2Pd1,c18d094afaf8904926c76892951dd27a,no optimization,"('unq_CSD-PACPEP-03-a', 'unq_CSD-PAKFOX-02-a', 'unq_CSD-PAKVEF-01-a')","('C14H10N2O2', 'C10H10N6', 'N2')","(-2.0, 0.0, 0.0)","('N-O-O', 'N-N', 'N')",0,Octahedral_Pd(II),Pd,+2,"(3, 2, 1)","(1, 2, 3)",0,False,Generate Lowest Energy,0
65,True,53.0,DANIFOXU,C27H21N7O2Pd1,ff38220ae9aea22c9cb6283cd4c591e1,no optimization,"('unq_CSD-PACPEP-03-a', 'unq_CSD-PAVZAO-02-a', 'unq_CSD-PAHMER-01-f')","('C14H10N2O2', 'C6H6N4', 'C7H5N1')","(-2.0, 0.0, 0.0)","('N-O-O', 'N-N', 'N')",0,Octahedral_Pd(II),Pd,+2,"(3, 2, 1)","(1, 2, 3)",0,False,Generate Lowest Energy,0
66,True,54.0,IJIBOSUN,C29H28N8O2Pd1,758401bf2c0f81b97dcbf3d0cf1af983,no optimization,"('unq_CSD-PACPEP-03-a', 'unq_CSD-PAHQOF-02-a', 'unq_CSD-PAVNEG-01-a')","('C14H10N2O2', 'C6H10N4', 'C9H8N2')","(-2.0, 0.0, 0.0)","('N-O-O', 'N-N', 'N')",0,Octahedral_Pd(II),Pd,+2,"(3, 2, 1)","(1, 2, 3)",0,False,Generate Lowest Energy,0
67,True,55.0,NAQAYOLI,C33H28N6O2Pd1,8ab8b4234b5e14568e6fd7f1bc33156b,no optimization,"('unq_CSD-PACPEP-03-a', 'unq_CSD-OZUQOS-02-a', 'unq_CSD-PAZJIK-01-b')","('C14H10N2O2', 'C10H8N2', 'C9H10N2')","(-2.0, 0.0, 0.0)","('N-O-O', 'N-N', 'C')",0,Octahedral_Pd(II),Pd,+2,"(3, 2, 1)","(1, 2, 3)",0,False,Generate Lowest Energy,0
68,False,,,C40H32N6O2Pd1,,clashing ligands,"('unq_CSD-PACPEP-03-a', 'unq_CSD-PAGXAW-02-a', 'unq_CSD-PAZTIW-01-d')","('C14H10N2O2', 'C14H12N2', 'C12H10N2')","(-2.0, 0.0, 0.0)","('N-O-O', 'N-N', 'N')",0,Octahedral_Pd(II),Pd,+2,"(3, 2, 1)","(1, 2, 3)",0,False,Generate Lowest Energy,0
69,True,56.0,ERIYAYOH,C21H19N5O2Pd1,6ce39e30a03ff1f32753ca89c0e8bc07,no optimization,"('unq_CSD-PEBQET-03-a', 'unq_CSD-PAHMAN-02-a', 'unq_CSD-PAFCIJ-01-b')","('C13H11N2O1', 'C6H5N2O1', 'C2H3N1')","(-1.0, -1.0, 0.0)","('N-N-O', 'N-N', 'N')",0,Octahedral_Pd(II),Pd,+2,"(3, 2, 1)","(1, 2, 3)",0,False,Generate Lowest Energy,0
70,True,57.0,OYILUHOV,C30H26N4O1Pd1,a50381fa7798b17f38f3a103042f30cb,no optimization,"('unq_CSD-PECTEW-03-a', 'unq_CSD-PAXXUK-02-a', 'unq_CSD-OZOVOP-01-a')","('C17H11N1', 'C7H8N2O1', 'C6H7N1')","(-2.0, 0.0, 0.0)","('C-C-N', 'N-N', 'N')",0,Octahedral_Pd(II),Pd,+2,"(3, 2, 1)","(1, 2, 3)",0,False,Generate Lowest Energy,0
71,True,58.0,BUXAMIKI,C23H21N5O2Pd1,ecb62042e24b0a6edcff48f2a0792552,no optimization,"('unq_CSD-PACPEP-03-a', 'unq_CSD-PAWTIR-02-a', 'unq_CSD-PAXQUA-01-a')","('C14H10N2O2', 'C8H6N2', 'C1H5N1')","(-2.0, 0.0, 0.0)","('N-O-O', 'N-N', 'N')",0,Octahedral_Pd(II),Pd,+2,"(3, 2, 1)","(1, 2, 3)",0,False,Generate Lowest Energy,0
72,True,59.0,ZICAXUFA,C32H29N9Pd1,d3e2da000db95e866595ce4d49f45b5c,no optimization,"('unq_CSD-PECTEW-03-a', 'unq_CSD-PAKFOX-02-a', 'unq_CSD-PAVZOE-01-b')","('C17H11N1', 'C10H10N6', 'C5H8N2')","(-2.0, 0.0, 0.0)","('C-C-N', 'N-N', 'N')",0,Octahedral_Pd(II),Pd,+2,"(3, 2, 1)","(1, 2, 3)",0,False,Generate Lowest Energy,0
73,True,60.0,UZOQETIG,C32H29N5O4Pd1,c4bb5d98fbd892f556bf71bf9bc84264,no optimization,"('unq_CSD-PACPEP-03-a', 'unq_CSD-OZIZAA-02-a', 'unq_CSD-OZOVOP-01-a')","('C14H10N2O2', 'C12H12N2O2', 'C6H7N1')","(-2.0, 0.0, 0.0)","('N-O-O', 'N-N', 'N')",0,Octahedral_Pd(II),Pd,+2,"(3, 2, 1)","(1, 2, 3)",0,False,Generate Lowest Energy,0
74,False,,,C26H25N7O2Pd1,,clashing ligands,"('unq_CSD-PATWUD-03-a', 'unq_CSD-PAHMAN-02-a', 'unq_CSD-PAXTIU-01-b')","('C14H12N3O1', 'C6H5N2O1', 'C6H8N2')","(-1.0, -1.0, 0.0)","('N-N-O', 'N-N', 'N')",0,Octahedral_Pd(II),Pd,+2,"(3, 2, 1)","(1, 2, 3)",0,False,Generate Lowest Energy,0
75,True,61.0,IQIWUDAJ,C24H24N6O3Pd1,e1721ccca765ef30e4362a2ba152b236,no optimization,"('unq_CSD-PCSCUP20-03-b', 'unq_CSD-PAHMAN-02-a', 'unq_CSD-PAJLER-01-a')","('C13H10N3O2', 'C6H5N2O1', 'C5H9N1')","(-1.0, -1.0, 0.0)","('N-N-O', 'N-N', 'C')",0,Octahedral_Pd(II),Pd,+2,"(3, 2, 1)","(1, 2, 3)",0,False,Generate Lowest Energy,0
76,True,62.0,AHIQINIC,C31H27N5O2Pd1,b2032e4cb7610f0bed34556884981499,no optimization,"('unq_CSD-PACPEP-03-a', 'unq_CSD-PAQVOV-02-a', 'unq_CSD-OZOMOI-01-d')","('C14H10N2O2', 'C12H12N2', 'C5H5N1')","(-2.0, 0.0, 0.0)","('N-O-O', 'N-N', 'N')",0,Octahedral_Pd(II),Pd,+2,"(3, 2, 1)","(1, 2, 3)",0,False,Generate Lowest Energy,0
77,True,63.0,QIPEDAZO,C38H28N4Pd1,f7e0ee609a1e0259e018856bd07bba6f,no optimization,"('unq_CSD-PECTEW-03-a', 'unq_CSD-OZUQIM-02-a', 'unq_CSD-PAQXUD-01-d')","('C17H11N1', 'C12H8N2', 'C9H9N1')","(-2.0, 0.0, 0.0)","('C-C-N', 'N-N', 'C')",0,Octahedral_Pd(II),Pd,+2,"(3, 2, 1)","(1, 2, 3)",0,False,Generate Lowest Energy,0
78,True,64.0,OLOCEQOL,C30H26N6O2Pd1,737b718fb5a3c10d3bbe5a341106de40,no optimization,"('unq_CSD-PACPEP-03-a', 'unq_CSD-PABYUO-02-a', 'unq_CSD-PAHWOL-01-b')","('C14H10N2O2', 'C10H9N3', 'C6H7N1')","(-2.0, 0.0, 0.0)","('N-O-O', 'N-N', 'N')",0,Octahedral_Pd(II),Pd,+2,"(3, 2, 1)","(1, 2, 3)",0,False,Generate Lowest Energy,0
79,True,65.0,IYABIYOT,C30H28N8O2Pd1,b3ca3e9f7cf93f712272547947de3d9c,no optimization,"('unq_CSD-PACPEP-03-a', 'unq_CSD-PAZVUI-02-a', 'unq_CSD-PAXTIU-01-b')","('C14H10N2O2', 'C10H10N4', 'C6H8N2')","(-2.0, 0.0, 0.0)","('N-O-O', 'N-N', 'N')",0,Octahedral_Pd(II),Pd,+2,"(3, 2, 1)","(1, 2, 3)",0,False,Generate Lowest Energy,0
80,True,66.0,IGESUKIG,C28H25N5O2Pd1,549ad8bcd21623ea7934f4f114fdf13a,no optimization,"('unq_CSD-PACPEP-03-a', 'unq_CSD-PEBGOV-02-b', 'unq_CSD-PAFCIJ-01-b')","('C14H10N2O2', 'C12H12N2', 'C2H3N1')","(-2.0, 0.0, 0.0)","('N-O-O', 'N-N', 'N')",0,Octahedral_Pd(II),Pd,+2,"(3, 2, 1)","(1, 2, 3)",0,False,Generate Lowest Energy,0
81,True,67.0,IWUSAVOH,C36H25N5Pd1,5f8316a2f7f3e58b911f33178b89d656,no optimization,"('unq_CSD-PECTEW-03-a', 'unq_CSD-PBIMCU-02-a', 'unq_CSD-PAHMER-01-f')","('C17H11N1', 'C12H9N3', 'C7H5N1')","(-2.0, 0.0, 0.0)","('C-C-N', 'N-N', 'N')",0,Octahedral_Pd(II),Pd,+2,"(3, 2, 1)","(1, 2, 3)",0,False,Generate Lowest Energy,0
82,True,68.0,UMOBEVOB,C35H32N4O2Pd1,7799213545737a90bc9f822ffa14fd50,no optimization,"('unq_CSD-PACPEP-03-a', 'unq_CSD-PADTAP-02-a', 'unq_CSD-PAYHOM01-01-a')","('C14H10N2O2', 'C8H12N2', 'C13H10')","(-2.0, 0.0, 0.0)","('N-O-O', 'N-N', 'C')",0,Octahedral_Pd(II),Pd,+2,"(3, 2, 1)","(1, 2, 3)",0,False,Generate Lowest Energy,0
83,True,69.0,DAYIGELO,C33H23N7Pd1,87d63c93389e120a0a91c5e24d1df6c4,no optimization,"('unq_CSD-PECTEW-03-a', 'unq_CSD-PAHWEB-02-a', 'unq_CSD-PAHLOA-01-f')","('C17H11N1', 'C10H8N4', 'C6H4N2')","(-2.0, 0.0, 0.0)","('C-C-N', 'N-N', 'N')",0,Octahedral_Pd(II),Pd,+2,"(3, 2, 1)","(1, 2, 3)",0,False,Generate Lowest Energy,0
84,True,70.0,IKIFIBUZ,C36H30N8O2Pd1,e7f74922ca6c60df5d392afbcd81795e,no optimization,"('unq_CSD-PACPEP-03-a', 'unq_CSD-PAZVUI-02-a', 'unq_CSD-PAZTIW-01-d')","('C14H10N2O2', 'C10H10N4', 'C12H10N2')","(-2.0, 0.0, 0.0)","('N-O-O', 'N-N', 'N')",0,Octahedral_Pd(II),Pd,+2,"(3, 2, 1)","(1, 2, 3)",0,False,Generate Lowest Energy,0
85,True,71.0,HIJONIMU,C27H27N5O2Pd1,9926c17e4a3a26511fef990340f98bec,no optimization,"('unq_CSD-PACPEP-03-a', 'unq_CSD-PADTAP-02-a', 'unq_CSD-OZOMOI-01-d')","('C14H10N2O2', 'C8H12N2', 'C5H5N1')","(-2.0, 0.0, 0.0)","('N-O-O', 'N-N', 'N')",0,Octahedral_Pd(II),Pd,+2,"(3, 2, 1)","(1, 2, 3)",0,False,Generate Lowest Energy,0
86,True,72.0,FIFAMIHI,C37H32N4O2Pd1,246ba08722f823738fe51726b582cf1b,no optimization,"('unq_CSD-PACPEP-03-a', 'unq_CSD-PADTAP-02-a', 'unq_CSD-PCPCCR01-01-b')","('C14H10N2O2', 'C8H12N2', 'C15H10')","(-2.0, 0.0, 0.0)","('N-O-O', 'N-N', 'C')",0,Octahedral_Pd(II),Pd,+2,"(3, 2, 1)","(1, 2, 3)",0,False,Generate Lowest Energy,0
87,False,,,C38H28N6Pd1,,clashing ligands,"('unq_CSD-PECTEW-03-a', 'unq_CSD-OZUQOS-02-a', 'unq_CSD-PANFER-01-d')","('C17H11N1', 'C10H8N2', 'C11H9N3')","(-2.0, 0.0, 0.0)","('C-C-N', 'N-N', 'N')",0,Octahedral_Pd(II),Pd,+2,"(3, 2, 1)","(1, 2, 3)",0,False,Generate Lowest Energy,0
88,True,73.0,GEDIVIVE,C28H22N6Pd1,33735ed62e1d4ac66ea80f3c779a182b,no optimization,"('unq_CSD-PECTEW-03-a', 'unq_CSD-PAVZAO-02-a', 'unq_CSD-OZOMOI-01-d')","('C17H11N1', 'C6H6N4', 'C5H5N1')","(-2.0, 0.0, 0.0)","('C-C-N', 'N-N', 'N')",0,Octahedral_Pd(II),Pd,+2,"(3, 2, 1)","(1, 2, 3)",0,False,Generate Lowest Energy,0
89,True,74.0,CASOLUPU,C27H21N5O2Pd1,29a81e86baa9f5ae8b55d6e0b72d6ee4,no optimization,"('unq_CSD-PACPEP-03-a', 'unq_CSD-PAWTIR-02-a', 'unq_CSD-OZOMOI-01-d')","('C14H10N2O2', 'C8H6N2', 'C5H5N1')","(-2.0, 0.0, 0.0)","('N-O-O', 'N-N', 'N')",0,Octahedral_Pd(II),Pd,+2,"(3, 2, 1)","(1, 2, 3)",0,False,Generate Lowest Energy,0
90,True,75.0,ULOZIQUJ,C33H28N4O1Pd1,0a4ef11fc0e60473e229cb57202b01a7,no optimization,"('unq_CSD-PECTEW-03-a', 'unq_CSD-PASPEF-02-a', 'unq_CSD-PAJLER-01-a')","('C17H11N1', 'C11H8N2O1', 'C5H9N1')","(-2.0, 0.0, 0.0)","('C-C-N', 'N-N', 'C')",0,Octahedral_Pd(II),Pd,+2,"(3, 2, 1)","(1, 2, 3)",0,False,Generate Lowest Energy,0
91,True,76.0,EKUGIWEG,C33H27N9O2Pd1,b12bf987a66684a7187b0ddb83be02e3,no optimization,"('unq_CSD-PACPEP-03-a', 'unq_CSD-PAKFOX-02-a', 'unq_CSD-PAMSON-01-d')","('C14H10N2O2', 'C10H10N6', 'C9H7N1')","(-2.0, 0.0, 0.0)","('N-O-O', 'N-N', 'N')",0,Octahedral_Pd(II),Pd,+2,"(3, 2, 1)","(1, 2, 3)",0,False,Generate Lowest Energy,0
92,False,,,C33H27N5O2Pd1,,clashing ligands,"('unq_CSD-PECTEW-03-a', 'unq_CSD-PAXSEP-02-a', 'unq_CSD-PAXTIU-01-b')","('C17H11N1', 'C10H8N2O2', 'C6H8N2')","(-2.0, 0.0, 0.0)","('C-C-N', 'N-N', 'N')",0,Octahedral_Pd(II),Pd,+2,"(3, 2, 1)","(1, 2, 3)",0,False,Generate Lowest Energy,0
93,True,77.0,WUDUQURU,C35H30N4Pd1,3d0d15deec9a386d67f7090855307a01,no optimization,"('unq_CSD-PECTEW-03-a', 'unq_CSD-PEBGUB-02-b', 'unq_CSD-OZOVOP-01-a')","('C17H11N1', 'C12H12N2', 'C6H7N1')","(-2.0, 0.0, 0.0)","('C-C-N', 'N-N', 'N')",0,Octahedral_Pd(II),Pd,+2,"(3, 2, 1)","(1, 2, 3)",0,False,Generate Lowest Energy,0
94,True,78.0,ZUKUVADA,C35H25N9Pd1,e7bd0b77c38f8026fcc0e3ce2a6fac48,no optimization,"('unq_CSD-PECTEW-03-a', 'unq_CSD-PABCIH-02-a', 'unq_CSD-PALVON-01-a')","('C17H11N1', 'C12H10N6', 'C6H4N2')","(-2.0, 0.0, 0.0)","('C-C-N', 'N-N', 'N')",0,Octahedral_Pd(II),Pd,+2,"(3, 2, 1)","(1, 2, 3)",0,False,Generate Lowest Energy,0
95,True,79.0,SIRARIPI,C36H29N5O2Pd1,1d1595d3bca13cf10ad423987a3c587d,no optimization,"('unq_CSD-PECTEW-03-a', 'unq_CSD-OZIZAA-02-a', 'unq_CSD-PASVUB-01-a')","('C17H11N1', 'C12H12N2O2', 'C7H6N2')","(-2.0, 0.0, 0.0)","('C-C-N', 'N-N', 'C')",0,Octahedral_Pd(II),Pd,+2,"(3, 2, 1)","(1, 2, 3)",0,False,Generate Lowest Energy,0
96,True,80.0,MUFOGADO,C36H28N6Pd1,4f302bdea32b6288191d283508f8abb0,no optimization,"('unq_CSD-PECTEW-03-a', 'unq_CSD-PAHWEB-02-a', 'unq_CSD-PAQXUD-01-d')","('C17H11N1', 'C10H8N4', 'C9H9N1')","(-2.0, 0.0, 0.0)","('C-C-N', 'N-N', 'C')",0,Octahedral_Pd(II),Pd,+2,"(3, 2, 1)","(1, 2, 3)",0,False,Generate Lowest Energy,0
97,True,81.0,XUCOJEHE,C27H31N7O3Pd1,b3f327469e58fb761caefe4d0d990ac1,no optimization,"('unq_CSD-PACPEP-03-a', 'unq_CSD-PAKCUA-02-a', 'unq_CSD-PAKHEP-01-c')","('C14H10N2O2', 'C9H10N4O1', 'C4H11N1')","(-2.0, 0.0, 0.0)","('N-O-O', 'N-N', 'N')",0,Octahedral_Pd(II),Pd,+2,"(3, 2, 1)","(1, 2, 3)",0,False,Generate Lowest Energy,0
98,True,82.0,IWEWAMOZ,C24H25N5O2Pd1,55fb33bfa840633d38fd44e45cd82ee0,no optimization,"('unq_CSD-PEBQET-03-a', 'unq_CSD-PAHMAN-02-a', 'unq_CSD-PALTOM-01-b')","('C13H11N2O1', 'C6H5N2O1', 'C5H9N1')","(-1.0, -1.0, 0.0)","('N-N-O', 'N-N', 'N')",0,Octahedral_Pd(II),Pd,+2,"(3, 2, 1)","(1, 2, 3)",0,False,Generate Lowest Energy,0
99,True,83.0,OPIMIXET,C35H30N6Pd1,21e463cc78653922ad51e63f711ca18b,no optimization,"('unq_CSD-PECTEW-03-a', 'unq_CSD-PAHWEB-02-a', 'unq_CSD-PALZOS-01-a')","('C17H11N1', 'C10H8N4', 'C8H11N1')","(-2.0, 0.0, 0.0)","('C-C-N', 'N-N', 'N')",0,Octahedral_Pd(II),Pd,+2,"(3, 2, 1)","(1, 2, 3)",0,False,Generate Lowest Energy,0
100,True,84.0,RURAGAQE,C30H27N7O2Pd1,746d1a4d69b7349b0d55c08511d1df41,no optimization,"('unq_CSD-PACPEP-03-a', 'unq_CSD-PAZVUI-02-a', 'unq_CSD-PAHWOL-01-b')","('C14H10N2O2', 'C10H10N4', 'C6H7N1')","(-2.0, 0.0, 0.0)","('N-O-O', 'N-N', 'N')",0,Octahedral_Pd(II),Pd,+2,"(3, 2, 1)","(1, 2, 3)",0,False,Generate Lowest Energy,0
101,True,85.0,OSACORUF,C29H34N4Pd1,f2dfda5cc0995e094f2358c047807f77,no optimization,"('unq_CSD-PECTEW-03-a', 'unq_CSD-PADTAP-02-a', 'unq_CSD-PAKHEP-01-c')","('C17H11N1', 'C8H12N2', 'C4H11N1')","(-2.0, 0.0, 0.0)","('C-C-N', 'N-N', 'N')",0,Octahedral_Pd(II),Pd,+2,"(3, 2, 1)","(1, 2, 3)",0,False,Generate Lowest Energy,0
102,True,86.0,GOYUMOJU,C31H28N6O2Pd1,142a3e3f797bfe6c48d19ca78d450bbc,no optimization,"('unq_CSD-PACPEP-03-a', 'unq_CSD-PBIMCU-02-a', 'unq_CSD-PAJLER-01-a')","('C14H10N2O2', 'C12H9N3', 'C5H9N1')","(-2.0, 0.0, 0.0)","('N-O-O', 'N-N', 'C')",0,Octahedral_Pd(II),Pd,+2,"(3, 2, 1)","(1, 2, 3)",0,False,Generate Lowest Energy,0
103,True,87.0,UMURIWIT,C33H25N9Pd1,7ad13b2253616e4cc63f4303bbcc66e8,no optimization,"('unq_CSD-PECTEW-03-a', 'unq_CSD-PAKFOX-02-a', 'unq_CSD-PALVON-01-a')","('C17H11N1', 'C10H10N6', 'C6H4N2')","(-2.0, 0.0, 0.0)","('C-C-N', 'N-N', 'N')",0,Octahedral_Pd(II),Pd,+2,"(3, 2, 1)","(1, 2, 3)",0,False,Generate Lowest Energy,0
104,False,,,C44H32N8Pd1,,clashing ligands,"('unq_CSD-PECTEW-03-a', 'unq_CSD-PABCIH-02-a', 'unq_CSD-PAYNEJ-01-b')","('C17H11N1', 'C12H10N6', 'C15H11N1')","(-2.0, 0.0, 0.0)","('C-C-N', 'N-N', 'N')",0,Octahedral_Pd(II),Pd,+2,"(3, 2, 1)","(1, 2, 3)",0,False,Generate Lowest Energy,0
105,True,88.0,XUNUSUMU,C31H31N5Pd1,33f2dbc850fff5bb83261f2820a6eefb,no optimization,"('unq_CSD-PECTEW-03-a', 'unq_CSD-PEBQUI-02-a', 'unq_CSD-PALVON-01-a')","('C17H11N1', 'C8H16N2', 'C6H4N2')","(-2.0, 0.0, 0.0)","('C-C-N', 'N-N', 'N')",0,Octahedral_Pd(II),Pd,+2,"(3, 2, 1)","(1, 2, 3)",0,False,Generate Lowest Energy,0
106,True,89.0,LADUJOFI,C25H25N7O2Pd1,c4d3e691affa24854bb26514247dee8a,no optimization,"('unq_CSD-PACPEP-03-a', 'unq_CSD-PAZVUI-02-a', 'unq_CSD-PAXQUA-01-a')","('C14H10N2O2', 'C10H10N4', 'C1H5N1')","(-2.0, 0.0, 0.0)","('N-O-O', 'N-N', 'N')",0,Octahedral_Pd(II),Pd,+2,"(3, 2, 1)","(1, 2, 3)",0,False,Generate Lowest Energy,0
107,True,90.0,ZIWINULU,C39H32N4O2Pd1,ae5492219b26b9746c760b06605f6ceb,no optimization,"('unq_CSD-PACPEP-03-a', 'unq_CSD-PEBGUB-02-b', 'unq_CSD-PAYHOM01-01-a')","('C14H10N2O2', 'C12H12N2', 'C13H10')","(-2.0, 0.0, 0.0)","('N-O-O', 'N-N', 'C')",0,Octahedral_Pd(II),Pd,+2,"(3, 2, 1)","(1, 2, 3)",0,False,Generate Lowest Energy,0
108,False,,,C37H29N5Pd1,,clashing ligands,"('unq_CSD-PECTEW-03-a', 'unq_CSD-PEBGUB-02-b', 'unq_CSD-PABQUE-01-b')","('C17H11N1', 'C12H12N2', 'C8H6N2')","(-2.0, 0.0, 0.0)","('C-C-N', 'N-N', 'N')",0,Octahedral_Pd(II),Pd,+2,"(3, 2, 1)","(1, 2, 3)",0,False,Generate Lowest Energy,0
109,True,91.0,INABOTAM,C42H30N4Pd1,037f1dcdd5f9400bc786d8006218ea03,no optimization,"('unq_CSD-PECTEW-03-a', 'unq_CSD-PABYUO-02-a', 'unq_CSD-PCPCCR01-01-b')","('C17H11N1', 'C10H9N3', 'C15H10')","(-2.0, 0.0, 0.0)","('C-C-N', 'N-N', 'C')",0,Octahedral_Pd(II),Pd,+2,"(3, 2, 1)","(1, 2, 3)",0,False,Generate Lowest Energy,0
110,False,,,C33H24N6O3Pd1,,clashing ligands,"('unq_CSD-PACPEP-03-a', 'unq_CSD-PASPEF-02-a', 'unq_CSD-PABQUE-01-b')","('C14H10N2O2', 'C11H8N2O1', 'C8H6N2')","(-2.0, 0.0, 0.0)","('N-O-O', 'N-N', 'N')",0,Octahedral_Pd(II),Pd,+2,"(3, 2, 1)","(1, 2, 3)",0,False,Generate Lowest Energy,0
111,True,92.0,IFAQEGUK,C25H23N5O2Pd1,a908ed0a9d0d966040dc7c8715b44a2e,no optimization,"('unq_CSD-PEBQET-03-a', 'unq_CSD-PAHMAN-02-a', 'unq_CSD-OZIZII-01-b')","('C13H11N2O1', 'C6H5N2O1', 'C6H7N1')","(-1.0, -1.0, 0.0)","('N-N-O', 'N-N', 'N')",0,Octahedral_Pd(II),Pd,+2,"(3, 2, 1)","(1, 2, 3)",0,False,Generate Lowest Energy,0
112,False,,,C38H32N6Pd1,,clashing ligands,"('unq_CSD-PECTEW-03-a', 'unq_CSD-PAHQOF-02-a', 'unq_CSD-PAYNEJ-01-b')","('C17H11N1', 'C6H10N4', 'C15H11N1')","(-2.0, 0.0, 0.0)","('C-C-N', 'N-N', 'N')",0,Octahedral_Pd(II),Pd,+2,"(3, 2, 1)","(1, 2, 3)",0,False,Generate Lowest Energy,0
113,True,93.0,ANUSUGAS,C22H24N6O3Pd1,06c87e8fc9f41c8d8ceef6dae75c1a41,no optimization,"('unq_CSD-PCSCUP20-03-b', 'unq_CSD-PAHMAN-02-a', 'unq_CSD-PALZUY-01-a')","('C13H10N3O2', 'C6H5N2O1', 'C3H9N1')","(-1.0, -1.0, 0.0)","('N-N-O', 'N-N', 'N')",0,Octahedral_Pd(II),Pd,+2,"(3, 2, 1)","(1, 2, 3)",0,False,Generate Lowest Energy,0
114,True,94.0,EMUCOLEP,C26H22N6O2Pd1,cea3c20b32b6164303c4a894441f1b88,no optimization,"('unq_CSD-PACPEP-03-a', 'unq_CSD-PABYUO-02-a', 'unq_CSD-PAFCIJ-01-b')","('C14H10N2O2', 'C10H9N3', 'C2H3N1')","(-2.0, 0.0, 0.0)","('N-O-O', 'N-N', 'N')",0,Octahedral_Pd(II),Pd,+2,"(3, 2, 1)","(1, 2, 3)",0,False,Generate Lowest Energy,0
115,True,95.0,RESUKOCO,C21H18N6O3Pd1,6f6981978683e196fd57d8943e71899f,no optimization,"('unq_CSD-PACPEP-03-a', 'unq_CSD-PAXXUK-02-a', 'unq_CSD-PAKVEF-01-a')","('C14H10N2O2', 'C7H8N2O1', 'N2')","(-2.0, 0.0, 0.0)","('N-O-O', 'N-N', 'N')",0,Octahedral_Pd(II),Pd,+2,"(3, 2, 1)","(1, 2, 3)",0,False,Generate Lowest Energy,0
116,False,,,C38H36N4Pd1,,clashing ligands,"('unq_CSD-PECTEW-03-a', 'unq_CSD-PEBQUI-02-a', 'unq_CSD-PASZUG-01-a')","('C17H11N1', 'C8H16N2', 'C13H9N1')","(-2.0, 0.0, 0.0)","('C-C-N', 'N-N', 'N')",0,Octahedral_Pd(II),Pd,+2,"(3, 2, 1)","(1, 2, 3)",0,False,Generate Lowest Energy,0
117,True,96.0,EHUTAHUL,C27H29N7O2Pd1,353f0f254ac854b934a56a2c1b391799,no optimization,"('unq_CSD-PACPEP-03-a', 'unq_CSD-PAHQOF-02-a', 'unq_CSD-OZOKIY-01-a')","('C14H10N2O2', 'C6H10N4', 'C7H9N1')","(-2.0, 0.0, 0.0)","('N-O-O', 'N-N', 'N')",0,Octahedral_Pd(II),Pd,+2,"(3, 2, 1)","(1, 2, 3)",0,False,Generate Lowest Energy,0
118,True,97.0,HAJILOWU,C29H25N7O2Pd1,083d55e2eaa3c208177235c879b73f0a,no optimization,"('unq_CSD-PACPEP-03-a', 'unq_CSD-OZIYUT-02-a', 'unq_CSD-PALZUY-01-a')","('C14H10N2O2', 'C12H6N4', 'C3H9N1')","(-2.0, 0.0, 0.0)","('N-O-O', 'N-N', 'N')",0,Octahedral_Pd(II),Pd,+2,"(3, 2, 1)","(1, 2, 3)",0,False,Generate Lowest Energy,0
119,True,98.0,OHOHISAR,C28H29N5O2Pd1,2a9374a083189091095b69d3446e2f0c,no optimization,"('unq_CSD-PACPEP-03-a', 'unq_CSD-PADTAP-02-a', 'unq_CSD-PAHWOL-01-b')","('C14H10N2O2', 'C8H12N2', 'C6H7N1')","(-2.0, 0.0, 0.0)","('N-O-O', 'N-N', 'N')",0,Octahedral_Pd(II),Pd,+2,"(3, 2, 1)","(1, 2, 3)",0,False,Generate Lowest Energy,0
120,True,99.0,RAMAHABE,C26H25N5O4Pd1,e7bb336043a992b776579e140d534f88,no optimization,"('unq_CSD-PACPEP-03-a', 'unq_CSD-OZIZAA-02-a', 'unq_CSD-PACXAV-01-a')","('C14H10N2O2', 'C12H12N2O2', 'H3N1')","(-2.0, 0.0, 0.0)","('N-O-O', 'N-N', 'N')",0,Octahedral_Pd(II),Pd,+2,"(3, 2, 1)","(1, 2, 3)",0,False,Generate Lowest Energy,0
