CSD_code,stoichiometry,metal,charge,denticity,confidence,comment,author,unique_name,name,graph_hash,high_confidence
KAGYIB,C17H17N2O2,Au,-1.0,2.0,3.0,,Cian2,unq_CSD-KAGYIB-02-a,CSD-KAGYIB-02-a,b0cd5b89c0665154aef5b7e3b23b4ddd,True
CUSGEE,C26H23N2O2S1,Zn,-1.0,3.0,3.0,,Cian2,,,,False
IQEPOK,C2H6N1P1,Pt,0.0,1.0,2.0,Radical,Cian2,,,,False
WUHLAM,C36H44N4,Ni,-2.0,4.0,3.0,,Cian2,unq_CSD-WUHLAM-04-a,CSD-WUHLAM-04-a,2f95b23d1798dffe0dbb8e4632875875,True
ACUWOK,C6H12S3,Pt,0.0,2.0,3.0,Denticity is ambiguous,Cian2,unq_CSD-BAHGEX-03-a,CSD-ACUWOK-02-a,260e42745d5bc4be71f88d755949b50a,False
VAPJAZ,C13H12N4S1,Pd,-2.0,3.0,3.0,,Cian2,unq_CSD-VAPJAZ-03-a,CSD-VAPJAZ-03-a,a80c6400990cf3b0cd13a5e83b3a8cb3,True
MIJPIF,C14H12N1O1,Ir,-1.0,2.0,3.0,,Cian2,unq_CSD-LEPZAK-02-b,CSD-MIJPIF-02-a,04ddb8c62de22698eb8c9946696b3a57,True
KELKIW,Br4C6H1O2,Ag,-1.0,2.0,2.0,Br-Ag bond,Cian2,,,,False
RAVVUI,C14H12N3O4S2,Ru,-1.0,2.0,3.0,,Cian2,unq_CSD-RAVVUI-02-a,CSD-RAVVUI-02-a,dc4e2cb6448cd9b2042c457936f6fff8,True
NEGDUZ,C18H13O2P1S1,Pd,0.0,1.0,3.0,P-M bond,Cian2,unq_CSD-NEGDUZ-01-b,CSD-NEGDUZ-01-b,e31e893b58bfd4e92f9ae0d744cb2eaa,False
YIPJIQ,C20H26N4,Rh,0.0,2.0,3.0,Radical,Cian2,unq_CSD-YIPJIQ-02-b,CSD-YIPJIQ-02-b,55d9fd69f852376d0f1f3948d74a75e8,False
VIPJOU,C20H19N5,Zn,0.0,2.0,3.0,,Cian2,unq_CSD-VIPJOU-02-b,CSD-VIPJOU-02-b,219cadf608632ecf0245e9c296c6d781,True
SAQHUP,C11H11N1O6,Zn,-2.0,4.0,3.0,,Cian2,unq_CSD-SAQHUP-04-a,CSD-SAQHUP-04-a,8653949f39132cecd1cabab81c9e0b85,True
WUMLAR,C25H44O1P2,Ir,-2.0,4.0,3.0,,Cian2,unq_CSD-WUMLAR-04-a,CSD-WUMLAR-04-a,4070958818e4689e2b9c2c7604e8e439,True
YIXWUY,C16H21N3,Pd,0.0,3.0,3.0,,Cian2,unq_CSD-YIXWUY-03-a,CSD-YIXWUY-03-a,ac763f40963257ab54a12ee68a26828e,True
ANOJOD,C13H8N1,Pd,-1.0,2.0,3.0,,Cian2,unq_CSD-CAGSUY-02-c,CSD-ANOJOD-02-a,9c807f36c192bd45d4cee68be51b8d68,True
BAYWIK,C9Cl1H7O1,Co,0.0,4.0,2.0,Would not work in the assembly process,Cian2,,,,False
GAFKUU,Cl3Si1,Ti,0.0,2.0,1.0,INCORRECT STOICHIOMETRY,Cian2,unq_CSD-GAFKUU-02-a,CSD-GAFKUU-02-a,2ca4e175b74cf2d581d0797b8dfe3f7a,False
ELOBUD,C24H29N2P1,Pd,-1.0,4.0,3.0,Discrepancy in graphs,Cian2,unq_CSD-ELOCEO-02-a,CSD-ELOBUD-02-a,71dd6e5c195122dce273722fdea5ca4a,False
MICTID,C20H22N2O1,Ni,-2.0,3.0,3.0,,Cian2,unq_CSD-MICTID-03-a,CSD-MICTID-03-a,552ce3fd01d7ae8d93eff6432cc8ddf4,True
DIDPEL,C7H7,Zr,-1.0,1.0,3.0,Cp,Cian2,unq_CSD-TUJYIG-01-b,CSD-DIDPEL-01-a,5b9976d117de35401575d8c26986eaf5,False
BEBFUL,C18Cl2H10N4O2,Co,-2.0,4.0,3.0,,Cian2,,,,False
KAMBIM,C8H14N2O1S1,Pd,0.0,3.0,2.0,Denticity is ambiguous,Cian2,unq_CSD-KAMBIM-03-a,CSD-KAMBIM-03-a,ca9a78338af0dc8855264e3ec79e0965,False
RAMDAL,C16H18N4,Cd,0.0,4.0,3.0,,Cian2,unq_CSD-ZEWFOW-04-a,CSD-RAMDAL-04-a,9200d43b9c3bb5e1539ed90309ef80d7,True
LOTZEB,C14H22N2,Ru,0.0,2.0,3.0,,Cian2,unq_CSD-LOTZEB-02-a,CSD-LOTZEB-02-a,3bf72169723f8d0e5cda16d8fa39146b,True
VETLIR,C25H24N3O1,Pt,-1.0,3.0,3.0,,Cian2,unq_CSD-VETLIR-04-a,CSD-VETLIR-04-a,a46bb7987d6fae5c08dc48845e7c6841,True
GECBAT,C6H16N2,Ag,0.0,2.0,3.0,,Cian2,unq_CSD-SAHLIZ-02-a,CSD-GECBAT-01-b,a02f3e52dff1821edba2bd4e7b2fa554,True
WODYOG,Br1C15H23N3O1,Co,-1.0,4.0,3.0,,Cian2,,,,False
HENVUS,C20H10,Rh,0.0,6.0,1.0,,Cian2,unq_CSD-HENVUS-06-a,CSD-HENVUS-06-a,8a14e271ed2d331088390dd4a9c5565a,False
ADUGOY,C12H15N2S2,Pd,-1.0,2.0,3.0,,Cian2,unq_CSD-XOBFEB-02-a,CSD-ADUGOY-02-a,f38f0084887175f31cb7cc3d494b782a,True
PURFIR,C21H21O1P1,Ru,0.0,1.0,3.0,,Cian2,unq_CSD-PURFIR-01-a,CSD-PURFIR-01-a,189a0c5d111d0cf16b23f2363fcc196f,True
MOZRIC,C23H21N2O3,Mn,-3.0,5.0,3.0,,Cian2,unq_CSD-MOZRIC-06-a,CSD-MOZRIC-06-a,c5e3b5f90adaa425a461d5b245259cfe,True
EHIBOM,C11H10N2S2,Cd,0.0,2.0,3.0,,Cian2,unq_CSD-NAKNAQ-02-a,CSD-EHIBOM-02-a,39f2d73e85772551d3404e944fa621e1,True
SUQSEE,C42F20H4N4O4,Pt,-2.0,4.0,3.0,,Cian2,,,,False
SECVAA,C22Cl4H18N4,Ni,-2.0,4.0,3.0,,Cian2,,,,False
WOJGAE,C8H10O2,Pt,-2.0,2.0,3.0,,Cian2,unq_CSD-WOJGAE-03-a,CSD-WOJGAE-03-a,494c5eaa1c1f3f407de04aeaab675fb8,True
FEGGAB,C12H27O4Si1,Pt,-1.0,1.0,3.0,,Cian2,unq_CSD-FEGGAB-01-a,CSD-FEGGAB-01-a,e2370006e7e7a9275cea0503da24ac4c,True
JAMHUB,C9H13N5S1,Cd,0.0,3.0,3.0,,Cian2,unq_CSD-JAMHOV-02-a,CSD-JAMHUB-02-a,2619b2a3a9707df4b3f9a906effedc53,True
RAXZEV,C15H12N4,Ni,-2.0,4.0,3.0,,Cian2,unq_CSD-RAXZEV-04-a,CSD-RAXZEV-04-a,2836373511601a8dc156050a9e0c0130,True
FICKIM,C11H13O2,Ti,-1.0,2.0,3.0,,Cian2,unq_CSD-FICKIM-02-a,CSD-FICKIM-02-a,3a11c304fbb440938e236bc0d70bffd3,True
BILQUI,C12H30P4,Fe,0.0,4.0,2.0,,Cian2,unq_CSD-BILQUI-04-a,CSD-BILQUI-04-a,da3170df374dfda7d15c773d708f62fd,False
WOMXAZ,C32H28N6,Pd,0.0,2.0,2.0,,Cian2,unq_CSD-ZOHJEN-02-a,CSD-WOMXAZ-02-a,790c8c265909cfd4d1c09928c44668df,False
HOJJUM,C6H5N1O2,Pt,0.0,1.0,3.0,,Cian2,unq_CSD-HOJKAT-01-a,CSD-HOJJUM-01-a,935e9d91396846f4eefcf0d02faec735,True
LASJIB,C8H11N2O6,Zn,-3.0,5.0,2.0,Donâ€™t think total charge is zero!!!!,Cian2,unq_CSD-VINGEF-05-a,CSD-LASJIB-04-a,c6bb974318fecd71e556752a3e6fb156,False
GEMLAM,C31H22N4,Cu,0.0,2.0,3.0,,Cian2,unq_CSD-GEMLAM-02-a,CSD-GEMLAM-02-a,8e36d6fc408f544f94becc65dfc0c25b,True
JUNWAQ,C6H11N1,Rh,0.0,1.0,2.0,Positive an negative charge on same ligand,Cian2,unq_CSD-WADSID-02-a,CSD-JUNWAQ-02-a,b9a4b8c367f3a69831f539bfd8a25e98,False
XEYPAV,C33H24N4O2,Ni,-2.0,4.0,3.0,,Cian2,unq_CSD-XEYPAV-04-a,CSD-XEYPAV-04-a,ab7bb28d6de1fdcd16145dd6c505bcc2,True
BEXQIH,C7H11N1,Pd,0.0,1.0,3.0,,Cian2,unq_CSD-BAGGOG-02-d,CSD-BEXQIH-02-a,5a48d11fb749fd1d78d7ddec5165c00b,True
MANSID,C15H10N1,Os,-1.0,2.0,3.0,,Cian2,unq_CSD-MANSID-02-b,CSD-MANSID-02-b,4a55a09bca88f967be04787feea1cd51,True
KOGMEY,C18H12S4,Ru,-2.0,4.0,3.0,,Cian2,unq_CSD-PETPAI-04-a,CSD-KOGMEY-04-a,0b6b49c4421f3ebd3b178c4069e68fd1,True
OVESAL,C19H21N5O2,Zn,0.0,4.0,3.0,,Cian2,unq_CSD-OVESAL-03-a,CSD-OVESAL-03-a,7be82b8065fa9163cb62bf44ca6dd904,True
RUGSUI,C7H14N1O1S1,Au,-1.0,1.0,3.0,,Cian2,unq_CSD-RUGSUI-01-a,CSD-RUGSUI-01-a,64dfa139dfdd093a98937d15d24f360a,True
IBEWIX,C14H8N5S2,Zn,-1.0,3.0,3.0,,Cian2,unq_CSD-IBEWIX-03-a,CSD-IBEWIX-03-a,040cc95137cac913932c0c750fcf4365,True
UHEGAR,Br1C14H12N3O1,Pt,0.0,1.0,3.0,,Cian2,,,,False
HOVMEL,C10H11N1S1,Pd,0.0,1.0,2.0,Possible Radical ,Cian2,unq_CSD-HOVMEL-01-c,CSD-HOVMEL-01-c,c5426bf28490dd8a3350f027309f613d,False
GIWXOA,C7H2N2O7,Ni,-2.0,2.0,3.0,,Cian2,,,,False
VUGDAE,C22H39N1P1,Pd,-1.0,3.0,3.0,,Cian2,unq_CSD-VUGDAE-03-a,CSD-VUGDAE-03-a,0d0e405a209aeef1be0782b25ba0b470,True
MIGCIQ,C11H7N2O2,Ru,-1.0,3.0,3.0,,Cian2,unq_CSD-MIGCIQ-05-a,CSD-MIGCIQ-05-a,1ea8687f64cbcb86a4b753b0a70fe62d,True
DUWJUB,C8H9S1,Pd,-1.0,2.0,3.0,,Cian2,unq_CSD-OHONEF-02-a,CSD-DUWJUB-02-a,8cb610bb0f5a1536b08301c858cdfc20,True
QEFTAY,C9H9N3S1,Pt,-2.0,3.0,3.0,,Cian2,unq_CSD-VICDES-03-a,CSD-QEFTAY-03-a,56e6a8ceabd0a5143fada9757af6a089,True
XONNIZ,Br1C21H15N2O3,Ni,-2.0,3.0,3.0,,Cian2,,,,False
ZIMWEZ,C22H18N6O3,Pd,-2.0,3.0,3.0,,Cian2,unq_CSD-ZIMWEZ-04-a,CSD-ZIMWEZ-04-a,dcfc50df6f22530c960e1ebfe5035ee7,True
MAQJAR,C4H5O2S1,Ir,-1.0,3.0,1.0,Should discard in analysis,Cian2,unq_CSD-EZISIR-05-a,CSD-MAQJAR-05-a,6ca7094a06f3baa926f50865ade1138a,False
ATAVEX,C12H12O2,Fe,0.0,4.0,2.0,Should discard in analysis,Cian2,unq_CSD-ATAVEX-04-a,CSD-ATAVEX-04-a,afebba663e120c60bd40a2cdd2c60546,False
RIJDAR,C7H9N3S1,Pd,0.0,2.0,3.0,,Cian2,unq_CSD-RIJDAR-02-a,CSD-RIJDAR-02-a,d410306218084d1ccb95673219917875,True
NUXMUO,C28H28P2,Mo,0.0,2.0,3.0,,Cian2,unq_CSD-NUXMUO-02-a,CSD-NUXMUO-02-a,78e06712f65bd7c00aed6940d791a53c,True
GIKJOA,C5H4N1O2,Re,-1.0,2.0,2.0,,Cian2,unq_CSD-QIXLUF-02-a,CSD-GIKJOA-02-a,049e18d65b0b16062d7b04540d78cafe,False
HIJFAI,C30H29N3O2,Pd,-2.0,4.0,3.0,,Cian2,unq_CSD-HIJFAI-04-a,CSD-HIJFAI-04-a,d7b8a7ac4578d73878bc996f95479f29,True
WODFUS,B1C41H36N3,Zn,0.0,3.0,3.0,,Cian2,,,,False
ESAJUE,B2C21H19N6O1,Ru,-1.0,3.0,1.0,B can have multiple oxdtation states ,Cian2,,,,False
QEGBUC,C23H29N1,Ru,0.0,1.0,1.0,Carbene - Maybe - Really not sure ,Cian2,unq_CSD-QEGBUC-02-a,CSD-QEGBUC-02-a,6b3306342308933cc1b476d3faf049a8,False
HISLIG,C13H10N2O5,Zn,-2.0,4.0,3.0,,Cian2,unq_CSD-HISLIG-03-a,CSD-HISLIG-03-a,dc0452c5d604af34ea624bfd0e6f491c,True
BEFHAW,C21H15N3O3,Ni,-2.0,4.0,3.0,,Cian2,unq_CSD-BEFHAW-04-a,CSD-BEFHAW-04-a,5b7962133a0d4fcbc0b663ce1f674b3a,True
PIQXEU,C12H13N3O1,Cu,0.0,2.0,1.0,Carbene,Cian2,unq_CSD-JURFIN-02-a,CSD-PIQXEU-01-b,874fbe7f969956e4e52e57a8980ecda3,False
OCUBIY,C17H19N2,Pt,-1.0,3.0,3.0,,Cian2,unq_CSD-YEJXAN-03-a,CSD-OCUBIY-04-a,31b7c50fc13c55e874c2eaa1457a8394,True
FIVJUS,C10H7N2O1,Ru,-1.0,2.0,3.0,,Cian2,unq_CSD-FIVJUS-02-a,CSD-FIVJUS-02-a,cc0df55464699f4256b244b43ae78946,True
NAYYOD,C12H25N4O2,Co,-1.0,5.0,3.0,,Cian2,unq_CSD-XIWYUX-05-a,CSD-NAYYOD-05-a,8047fde223bfdda81a32c5644b23b526,True
EJUCUH,C20H31N1O2,V,-2.0,3.0,3.0,,Cian2,unq_CSD-EJUCUH-03-a,CSD-EJUCUH-03-a,d6ad6ce422f55d4da4d47bf3bcf2792e,True
WUZHOQ,C19H32N1O2,Ti,-1.0,3.0,3.0,,Cian2,unq_CSD-WUZHOQ-03-a,CSD-WUZHOQ-03-a,c8ce44ceb678103aaf0a0662a55f8854,True
WIGWIT,C17H18O2,Ti,-2.0,2.0,3.0,,Cian2,unq_CSD-WIGWIT-02-c,CSD-WIGWIT-02-c,aac116e9d1856030e78fa87963e05a7d,True
AWUYOI,C28H22N2O2,Ti,-2.0,4.0,3.0,,Cian2,unq_CSD-AWUYOI-04-a,CSD-AWUYOI-04-a,8cb338cbc4e752bfc0c8fb485fa4e434,True
JABDIA,C9H12I1N1,Pd,0.0,2.0,2.0,,Cian2,unq_CSD-JABDIA-02-a,CSD-JABDIA-02-a,e65f2ea69b6144d9fb6762b25e0c997d,False
HOPQEJ,C3H6N2,Mn,0.0,1.0,3.0,Carbene Radical ,Cian2,unq_CSD-HOPQEJ-01-b,CSD-HOPQEJ-01-b,997a75a266df281c4164ef16b6ba359d,False
EZUYUT,C24H23O3P1,Au,0.0,1.0,2.0,ylide,Cian2,unq_CSD-EZUYUT-01-b,CSD-EZUYUT-01-b,fea2f1146e270b0dd7ebdfad69e259a3,False
XOCJUV,C3H7Se1,Ni,-1.0,1.0,1.0,Carbenes present in complex,Cian2,unq_CSD-XOCJUV-01-a,CSD-XOCJUV-01-a,d4daf4e699e0a1683d596ed71135285e,False
XAYCEG,C5H4N2S1,Ir,-2.0,2.0,2.0,,Cian2,unq_CSD-XAYCEG-03-a,CSD-XAYCEG-03-a,74024d85c35eb917fb9f82852da9d832,False
WORBOW,C33H37N1O2P1,Ti,-1.0,3.0,3.0,,Cian2,unq_CSD-WORBOW-03-a,CSD-WORBOW-03-a,6ee3cd4201eab5eee9a3225e65cff9fe,True
QEPYIW,B1C14H10N2S4,Cu,-1.0,3.0,2.0,B can have multiple oxdtation states ,Cian2,,,,False
ZUYDII,C18H18N4O2,Cu,0.0,1.0,3.0,Carbene Radical ,Cian2,unq_CSD-ZUYDII-01-b,CSD-ZUYDII-01-b,30637612f72be96ae4b677bb7a796a4f,False
GUKDEW,C32H37N4O2,Pd,-1.0,3.0,3.0,,Cian2,unq_CSD-GUKDEW-03-a,CSD-GUKDEW-03-a,2e84a8e577bbe015326e7bd846aeb00f,True
ABAKAS,C6H7N3,Pt,0.0,1.0,3.0,Carbene Radical,Cian2,unq_CSD-ABAKAS-01-a,CSD-ABAKAS-01-a,9274ae0298a7bcf9fa49de7689ac1952,False
VUJHEP,C32H32N2O2,Zn,0.0,2.0,3.0,,Cian2,unq_CSD-VUJHEP-02-a,CSD-VUJHEP-02-a,9a04033bcdbd5e74ef3201effbf8cbee,True
BESTOJ,C12H8S3,Ni,-2.0,3.0,3.0,,Cian2,unq_CSD-WOWQAC-03-a,CSD-BESTOJ-03-a,d93186cd72e7f70df81fc495ffb83e37,True
CEQYII,Br1C14Cl1H10N1,Pt,-1.0,2.0,3.0,,Cian2,,,,False
PUZROT,C14F3H11N2O1,Cu,0.0,2.0,3.0,Cu +1,Cian2,,,,False
EBOYIG,C37F15H8N4,Au,-3.0,4.0,3.0,,Cian2,,,,False
QOWGOY,C24H28N2,Pt,0.0,2.0,3.0,,Cian2,unq_CSD-RIRPOY-02-d,CSD-QOWGOY-02-a,db5caef4faff6fca156f4a01a66deb60,True
TAKTOQ,C24H16N2,Cu,0.0,2.0,3.0,,Cian2,unq_CSD-ZUHNUN-01-d,CSD-TAKTOQ-02-b,680469f435005211c3b94be1cb50836c,True
KEYVIU,C30H40N2P2,Pd,0.0,2.0,3.0,,Cian2,unq_CSD-KEYVIU-02-a,CSD-KEYVIU-02-a,2a9dd50c1fb72816e86b339f9ab0afd9,True
DADFOG,C20H21N3,Zn,0.0,3.0,3.0,,Manting,unq_CSD-RUVDIX-02-a,CSD-DADFOG-02-a,8ef97df11b828de46e1252cf18bb6940,True
HUDYAG,C12H11N2S1,Re,-1.0,3.0,3.0,,Manting,unq_CSD-HUDYAG-03-a,CSD-HUDYAG-03-a,41f4d7d6d91d1689966c76264459f58f,True
GEHYIB,C32H36N4,Ni,-2.0,3.0,3.0,,Manting,unq_CSD-GEHYIB-04-a,CSD-GEHYIB-04-a,ee8a7ab56c7f5e484d029113ffc877ab,True
DAGMAZ,C18H19N2O4,Pd,-1.0,3.0,3.0,,Manting,unq_CSD-DAGMAZ-03-a,CSD-DAGMAZ-03-a,2cad0aafd41f32ceaec60f039afe986f,True
XUNMOI,C8H5O2,Pd,-1.0,1.0,3.0,,Manting,unq_CSD-XUNMOI-01-a,CSD-XUNMOI-01-a,41453814b5547d599c6214745b3ae658,True
COPTIL,Br1C27Cl1H19N3O1S1,Mo,-2.0,3.0,3.0,,Manting,,,,False
OBIZAC,C15H15N4O2S1,Hg,-1.0,2.0,3.0,,Manting,unq_CSD-OBIZAC-02-a,CSD-OBIZAC-02-a,1f303a2baf545de9abe80909c05e76d0,True
EDUJEU,C24H49P2,Pd,-1.0,3.0,3.0,,Manting,unq_CSD-WUHPIZ-03-a,CSD-EDUJEU-03-a,99d2e20628acdde5e29be624f278d04f,True
RAQJUQ,Br1C13H8N5,Os,0.0,2.0,3.0,,Manting,,,,False
TEJKIF,C25H20S2,Ag,-2.0,1.0,3.0,,Manting,unq_CSD-TEJKIF-01-b,CSD-TEJKIF-01-b,ae5e4d2f2e1fb017c36a29153e72ed43,True
ROFSIO,C10H18Si2,Fe,0.0,2.0,3.0,Can have higher denticity if allowed,Manting,unq_CSD-CEPYAX-03-a,CSD-ROFSIO-02-a,f4342f8086a5ec041a9eaf49bdf6be33,False
TIRDAA,C4H9N1O2,Mo,-2.0,3.0,3.0,,Manting,unq_CSD-TIRDAA-03-a,CSD-TIRDAA-03-a,a381c959a29189181778e946a0da1b7b,True
ZEGQOT,B10C10H18O4S2,Co,-2.0,3.0,3.0,Can have higher denticity if allowed,Manting,,,,False
IGUBET,Br2C13H8N2O1,Cu,0.0,1.0,3.0,,Manting,,,,False
TURNOK,C24H39N3,Rh,0.0,1.0,3.0,,Manting,unq_CSD-TURNOK-01-a,CSD-TURNOK-01-a,a074c529b07c89a370e9ed6673169d09,True
PAPMAV,C15H27N3O3,Os,0.0,2.0,3.0,Can have higher denticity if allowed,Manting,unq_CSD-PAPMAV-02-a,CSD-PAPMAV-02-a,fa0dd3a90cefce3e1fafa98e4740562c,False
YUYGUV,C7F2H5,Au,-1.0,1.0,3.0,,Manting,,,,False
CEXTAB,C25H21N5O2S1,Zn,-2.0,4.0,3.0,,Manting,unq_CSD-CEXTAB-04-a,CSD-CEXTAB-04-a,0f50bc49106d7e394102ddb1e4baeefb,True
AQATET,C1O3,Co,-1.0,2.0,3.0,,Manting,unq_CSD-CUSKIK-03-a,CSD-AQATET-03-a,75e7a4125709cb5a14d1ce2b84c3cdbd,True
XUFTIC,C28H36N2O2,Ru,-2.0,4.0,3.0,,Manting,unq_CSD-XUFTIC-04-a,CSD-XUFTIC-04-a,6c1672f58c71f7c88995906307a004e1,True
MPSOPD,C7H7O2S1,Pd,-1.0,1.0,3.0,,Manting,unq_CSD-VALCAM-01-b,CSD-MPSOPD-01-b,1023d86b74ed3d0c62431791a8173eb9,True
XAWHAF,C24H21N2O3,Pd,-1.0,2.0,3.0,,Manting,unq_CSD-XAWHAF-02-b,CSD-XAWHAF-02-b,6870059c148503793eadbb858f32d94e,True
FIGMAK,C13H9N3O2,V,-2.0,3.0,3.0,,Manting,unq_CSD-FIGMAK-03-a,CSD-FIGMAK-03-a,3c4256d5421d8a33ccb0f67c8c439c27,True
PIFGIU,C9H22N2,Pt,0.0,2.0,3.0,,Manting,unq_CSD-PIFGIU-02-a,CSD-PIFGIU-02-a,3df2565810f93312db3b1257aad493d0,True
FIFKIR,B1C25H22N5,Pt,0.0,2.0,3.0,,Manting,,,,False
JUSVOK,C9Cl6H2O4,Ni,-2.0,1.0,3.0,Can have higher denticity if allowed,Manting,,,,False
NEBYOL,C28H26N4,Fe,0.0,4.0,3.0,,Manting,unq_CSD-NEBYOL-04-a,CSD-NEBYOL-04-a,01793f724e161c1e04fdc4210e89bffe,True
INISIJ,C7H16N2,Pd,0.0,2.0,3.0,,Manting,unq_CSD-INISIJ-02-a,CSD-INISIJ-02-a,c361bdf04b6a3ae358777daa9f781b20,True
ZEYMUL,C28H40N6,Zn,0.0,2.0,3.0,,Manting,unq_CSD-ZEYMUM-03-a,CSD-ZEYMUL-02-a,e6945cea2c7ad425c16329eea178fc70,True
AKEHAZ,C2H1,Ru,-1.0,1.0,3.0,,Manting,unq_CSD-BAFKOJ-01-a,CSD-AKEHAZ-02-b,5c24e0050b421f8223a0c938f8720518,True
COCQOB,C8H7N2O3S1,Au,-1.0,1.0,3.0,Can have higher denticity if allowed,Manting,unq_CSD-HEQGIU-01-a,CSD-COCQOB-01-a,b1768d063fa2e3e1320b6030fe948cfc,False
QONDAY,C36H24O4P2,Pd,0.0,2.0,3.0,,Manting,unq_CSD-QONDAY-02-a,CSD-QONDAY-02-a,9c6b29957482036ee3bd4158a4d41a03,True
EQOVOV,C9H23N3O1,Zn,0.0,3.0,3.0,,Manting,unq_CSD-EQOVOV-03-a,CSD-EQOVOV-03-a,e214d65272c69b69efac2e9e944fd444,True
TEBZUY,C17H12N3S1,Pt,-1.0,3.0,3.0,,Manting,unq_CSD-TEBZUY-04-a,CSD-TEBZUY-04-a,3a9eb5743a41a952b1917a6fe39feb7c,True
NESJAX,C18H20N2O2,Pd,0.0,2.0,3.0,,Manting,unq_CSD-NESJAX-03-a,CSD-NESJAX-03-a,f3857c5b4f2e41c2393e50e5b3fc21c7,True
YOHPEQ,C16H17N2O1,Pd,-2.0,2.0,3.0,,Manting,unq_CSD-YOHPEQ-02-a,CSD-YOHPEQ-02-a,e85f46051df48369de369750339db06c,True
HISFOG,C14H11N3O3,Mo,-2.0,3.0,3.0,,Manting,unq_CSD-HISFOG-03-a,CSD-HISFOG-03-a,0d0698602a781ff84fcf5f6fb6486b0c,True
AQIBEH,C12H26N2O4,Cu,0.0,2.0,3.0,Can have higher denticity if allowed,Manting,unq_CSD-XEVDAD-06-a,CSD-AQIBEH-02-a,45066f80ccfa7d35bd4ec05f0f39923a,False
NUVNAV,C15H16O1S2,Pd,0.0,2.0,3.0,,Manting,unq_CSD-NUVNAV-02-a,CSD-NUVNAV-02-a,877edf2f13bc6c32ea17d9f4e75d53d6,True
BIVROO,C20H18N4O4,Zn,-2.0,2.0,3.0,Can have higher denticity if allowed,Manting,unq_CSD-HIQCIU-02-a,CSD-BIVROO-02-a,5055b8da123c8db1b33dc8af16342c8b,False
SOBPAC,C26Cl2H32N2O2,Pt,-2.0,4.0,3.0,,Manting,,,,False
PALKEU,C15H14N4,Pd,-1.0,3.0,3.0,,Manting,unq_CSD-IBONAR-03-a,CSD-PALKEU-03-a,db89908799f662096a86604b0f1ebeaf,True
AFAPEC,C6H11N2O4,Pt,-1.0,3.0,3.0,Can have higher denticity if allowed,Manting,unq_CSD-FAKJOR-03-a,CSD-AFAPEC-03-a,5a7e8984cccbc897df77192fa7c8f504,False
QERQOW,C14H13N3O1,Ag,0.0,3.0,3.0,,Manting,unq_CSD-URAJAA-02-a,CSD-QERQOW-02-a,cb11f41341058c8426c24ba1bc6b5056,True
QECGAG,C18H31N2P1Si2,W,0.0,1.0,3.0,,Manting,unq_CSD-QECGAG-01-a,CSD-QECGAG-01-a,c5fe891b817b1484c47d3ecb2fd87bcd,True
ROFKOP,C16H22N3P1,Mn,0.0,3.0,3.0,,Manting,unq_CSD-ROFKOP-03-a,CSD-ROFKOP-03-a,3f0bd3adaad975d0dfb1c5da8f338e06,True
CEDXAN,C18H14N1O1,Ru,-1.0,2.0,3.0,,Manting,unq_CSD-CEDXAN-02-a,CSD-CEDXAN-02-a,f8c18f2a61cc8dd090c6d48ddc157299,True
ZEXFUD,C12H12,Co,-2.0,2.0,3.0,,Manting,unq_CSD-ZEXFUD-02-a,CSD-ZEXFUD-02-a,c408f54ed881cb65e5f9811ca60dd3ae,True
KUVMET,C11H8N1O1,Ru,-1.0,2.0,3.0,,Manting,unq_CSD-KUVMET-02-a,CSD-KUVMET-02-a,0f5736631ed7cd0f7de02c57096033af,True
OPAGES,C7F5N4,Hg,-1.0,1.0,3.0,,Manting,unq_CSD-OPAGES-01-a,CSD-OPAGES-01-a,5b3f5a6f682a8951cca550e4b2c6759b,True
GIPSAC,Br1C11H11N2Se1,Ru,0.0,2.0,3.0,,Manting,,,,False
YEXXEF,C5H11Si1,Ni,-1.0,1.0,3.0,,Manting,unq_CSD-BIDMUW-02-a,CSD-YEXXEF-01-a,12062d6b087b7543793f5fb4a6aa3180,True
BOYROX,C23H30N2,Pd,0.0,1.0,3.0,,Manting,unq_CSD-BOYROX-01-b,CSD-BOYROX-01-b,6b64c2c9c3386ca46506b38012887001,True
BEHGOL,C14H21O1P1,Cr,0.0,0.0,3.0,,Manting,unq_CSD-BEHGOL-06-a,CSD-BEHGOL-06-a,caa79014bc2273c40042483caa600fe8,True
MOHNED,C8H11N1O1,Ag,0.0,0.0,3.0,Can have higher denticity if allowed,Manting,unq_CSD-EMEHOU-01-b,CSD-MOHNED-01-b,c1c774059ba0b6511e822393be9f9324,False
NIZMUE,C7H16N3O2,Co,-1.0,4.0,3.0,,Manting,unq_CSD-NIZMUE-04-a,CSD-NIZMUE-04-a,4b40138f00fce9e5336e90ae392c031e,True
PIFQEC,C21H19N2,Pt,-1.0,2.0,3.0,,Manting,unq_CSD-PIFQEC-02-a,CSD-PIFQEC-02-a,0cdfffde88297905b3224767f4ae5296,True
BAXDUZ,C5H11,Co,-1.0,1.0,3.0,,Manting,,,,False
JOSYUL,C12H17N2O1,Pd,-1.0,3.0,3.0,,Manting,unq_CSD-JOSYUL-03-a,CSD-JOSYUL-03-a,f22f7d7add6e2efe2181f0fc8407260e,True
DAKGIG,C14F6H8N1,Ir,-1.0,2.0,3.0,,Manting,,,,False
QEMVIO,C15H20O1P1,Pt,0.0,1.0,3.0,Deprotonation occrs on the other same ligand gives change of -1,Manting,unq_CSD-QEMVIO-03-a,CSD-QEMVIO-03-a,8e4473daffc95f349d2e197df4cb0d25,False
ALOYUX,C33H27N7O2,Zn,0.0,3.0,3.0,Can have higher denticity if allowed,Manting,unq_CSD-ALOYUX-03-a,CSD-ALOYUX-03-a,5e3b44cd275c75ff6e4879c8820d9923,False
WERYEY,C20H18N1O3P1,Ru,0.0,1.0,3.0,Can have higher denticity if allowed,Manting,unq_CSD-WERYEY-01-c,CSD-WERYEY-01-c,ea2ae765dbd722e029da037a47e95525,False
IWIWOA,C19H16Si1,W,-2.0,1.0,3.0,,Manting,unq_CSD-IWIWOA-01-a,CSD-IWIWOA-01-a,9b97f13767603abede9263e6df5b8fc7,True
JEWFEX,C28H31N2P1,Pd,-1.0,2.0,3.0,,Manting,unq_CSD-JEWFEX-02-a,CSD-JEWFEX-02-a,5bdc6465594343e558aed1090aabac47,True
IHOHOD,C14H18N6O2,Ni,-2.0,4.0,3.0,,Manting,unq_CSD-IHOHOD-04-a,CSD-IHOHOD-04-a,0f1cfbcf8b38d5229bd404056baa8052,True
HIZSUE,C11Cl2H13N2,Pt,-1.0,3.0,3.0,,Manting,,,,False
BUNLOM,C21H23N4,Mn,0.0,4.0,3.0,,Manting,unq_CSD-BUNLOM-04-a,CSD-BUNLOM-04-a,693127d436ac3e9db851a4a9aca61622,True
VINMIP,C28H28O3P2,Ni,0.0,2.0,3.0,,Manting,unq_CSD-VINMIP-02-a,CSD-VINMIP-02-a,6eca32b2b1d80e07551c7df7cf138f9c,True
GODRIB,C12F6H12N2O2,Mn,-2.0,4.0,3.0,,Manting,,,,False
JAKNUE,C4H6N1,Co,0.0,1.0,3.0,,Manting,unq_CSD-JAKNUE-01-a,CSD-JAKNUE-01-a,6fe042db08ff71a4391c0e8d983515e2,True
LOJXOZ,C15H15N3O6,Os,0.0,3.0,3.0,,Manting,unq_CSD-LOJXOZ-08-a,CSD-LOJXOZ-08-a,f7f05110ee52b59d4ddea4e622fbbd65,True
AGACAO,C16H13N3O2,Mo,-2.0,3.0,3.0,,Manting,unq_CSD-AGACAO-03-a,CSD-AGACAO-03-a,c641b7263a63f3b105574d58ebcf3b46,True
MIXGOQ,Br1C8H7N3O1S1,Ni,-1.0,3.0,3.0,,Manting,,,,False
JAWCUI,C46F10H18N4,Zn,-2.0,4.0,3.0,,Manting,,,,False
GICFUW,C9H6N3O2,Zn,1.0,1.0,3.0,,Manting,,,,False
UYUCIB,C28H27N3O3S1,Ni,-2.0,4.0,3.0,,Manting,unq_CSD-UYUCIB-04-a,CSD-UYUCIB-04-a,c8c3f8fc44f92748dafdc279ba7ffe6a,True
EMALOU,C13H14N2O2,Ag,-1.0,1.0,3.0,,Manting,unq_CSD-EMALOU-01-a,CSD-EMALOU-01-a,4a63c899719b02fe05c12f1833b27b7a,True
FIKQIZ,C2H2N3,Au,-1.0,1.0,3.0,,Manting,unq_CSD-FIKQIZ-01-b,CSD-FIKQIZ-01-b,5831670a969f64cf169d36726f207292,True
DOPYUC,C16H11N2O2,Pd,-1.0,2.0,3.0,,Manting,unq_CSD-DOPYUC-02-a,CSD-DOPYUC-02-a,f59a3be83974747a48b4518d933533b2,True
BILQUJ,B1C18H13N9,Ag,-1.0,3.0,3.0,,Manting,,,,False
HOLPON,C19H25N8O3,Ni,-2.0,4.0,3.0,if counting the OCOMe as ionically bonded to C=NH2+,Manting,unq_CSD-HOLPON-04-a,CSD-HOLPON-04-a,572141cf6dccb49a30cd08da96c91a1a,False
YOKXOL,C18H21O1P1,Pd,0.0,1.0,3.0,Can have higher denticity if allowed,Manting,unq_CSD-YOKXOL-01-a,CSD-YOKXOL-01-a,c24ce2242212940a6aec3eca537895a9,False
FIGLAJ,As2C24H42N2Si4,Ti,-2.0,3.0,3.0,Can have higher denticity if allowed,Manting,,,,False
EBUZAC,C13H10N3O1,V,-1.0,3.0,3.0,,Manting,unq_CSD-EBUZAC-03-a,CSD-EBUZAC-03-a,75fd21522ac37f53d968f6b92daa5c54,True
PIQKEF,C21H29N2P1Si2,W,0.0,1.0,3.0,,Manting,unq_CSD-PIQKEF-01-a,CSD-PIQKEF-01-a,4dfcf6fcc74d1b9999ed0736faf3970e,True
XOZMEE,C10H12N3O1,Co,-1.0,2.0,3.0,Weird,Manting,unq_CSD-RADNIT-04-a,CSD-XOZMEE-03-b,62748f6131cd8915b319108cf38630c1,False
XEJPEH,C6H9O4S2,Re,-1.0,3.0,3.0,,Manting,unq_CSD-XEJPEH-03-a,CSD-XEJPEH-03-a,057df9032fa9d14ce99741f2abc30567,True
BUFVAB,C19H31N1O3,Mo,-2.0,4.0,3.0,,Manting,unq_CSD-BUFVAB-04-a,CSD-BUFVAB-04-a,54f1e53d44e39ce089729c5e18945003,True
CILFOV,C24H26N3O2S1,Pd,-2.0,2.0,3.0,,Manting,unq_CSD-CILFOV-02-a,CSD-CILFOV-02-a,65ec164e0643e81a34afa4208a75b4b5,True
KELLUJ,C12H9O1,Ti,-1.0,1.0,3.0,,Manting,unq_CSD-KELLUJ-01-c,CSD-KELLUJ-01-c,4af4e32fa7ac2e85094170b05da5c434,True
QAXCAT,C16H12N5,Rh,-1.0,3.0,3.0,Can have higher denticity if allowed,Manting,unq_CSD-QAXCAT-04-a,CSD-QAXCAT-04-a,62a07ea4302a7e0d0efbc0fd097036a5,False
BIQYEI,C18H23P1,Pd,-1.0,2.0,3.0,,Manting,unq_CSD-BIQYEI-01-a,CSD-BIQYEI-01-a,7e04ec4d2252565b76f83abce8b7a90d,True
DOMROM,C7H6N1O1,Pt,0.0,1.0,3.0,,Manting,unq_CSD-BIXSIN-01-a,CSD-DOMROM-01-b,f0cd2d71fc52ab37b2e06271790476a1,True
HOXTIX,C21H14O2,Ti,-2.0,2.0,3.0,,Manting,unq_CSD-HOXTIX-02-a,CSD-HOXTIX-02-a,a53c68ee51e064924d0dc41d3fc5cb15,True
PAJDOV,C15H13N2P1S1,Au,0.0,1.0,3.0,,Manting,unq_CSD-PAJDOV-01-a,CSD-PAJDOV-01-a,89966ffe9d46cc82476178d6adae1083,True
ZODMAI,C34Cl3H28N3O3,Ni,-2.0,4.0,3.0,,Manting,,,,False
ALIREU,C34H22N8O2,Ni,-2.0,4.0,3.0,,Manting,unq_CSD-ALIREU-04-a,CSD-ALIREU-04-a,1d827ddd57e20409fbab551a8466986e,True
BEHQEK,Br1C16H18P1,Pd,0.0,1.0,3.0,,Manting,,,,False
UPEGAZ,C22H28O3P1S1,Pd,-1.0,2.0,3.0,,Manting,unq_CSD-UPEGAZ-02-a,CSD-UPEGAZ-02-a,b7a3ceff2fd94c31556e04625a081a73,True
RUZGUQ,C14H9N3O2,Mo,-2.0,3.0,3.0,,Manting,unq_CSD-RUZGUQ-03-a,CSD-RUZGUQ-03-a,2dcfd0ff4b87e34c3134ab18f71f2b80,True
CEDXEQ,C19H17P1,Ru,0.0,1.0,3.0,,Manting,unq_CSD-GIXROU-01-a,CSD-CEDXEQ-01-c,6ea062bdc31cb458936ad039071c9b33,True
JIDYAW,C10H14N3O1S1,Co,-1.0,4.0,3.0,,Manting,unq_CSD-JIDYAW-04-a,CSD-JIDYAW-04-a,8870ec24d7166a8f57ffe0a4f3a4937d,True
RUJQOC,C4H11N3O2P1,Pt,-1.0,2.0,3.0,,Manting,unq_CSD-RUJQOC-03-a,CSD-RUJQOC-03-a,60414a066d4304681466fe562afba3da,True
WISWAZ,C22H18N5O1,Ru,-1.0,2.0,3.0,,Manting,unq_CSD-WISWAZ-02-a,CSD-WISWAZ-02-a,fb4098ba37f15597a8f341bb1829acc4,True
NESDAR,C20H24N2O4,Zn,0.0,2.0,3.0,Can have higher denticity if allowed,Manting,unq_CSD-NESDAR-02-a,CSD-NESDAR-02-a,8e58f2dd3ad3dec78ceb9baca94ded9f,False
QUWDOC,C12H12N2Se2,Zn,0.0,2.0,3.0,,Manting,unq_CSD-UYOGOG-03-a,CSD-QUWDOC-02-b,3893be8f9e7d4925192602de191f3c48,True
XIYNOI,C4H4N3S1,Au,-1.0,1.0,3.0,,Manting,unq_CSD-XIYPAW-01-b,CSD-XIYNOI-01-a,df8ca1105dcb45dbdf75ca7299ad0def,True
NEDNAM,C11H13N2O1S1,Au,-1.0,1.0,3.0,,Manting,unq_CSD-NEDNAM-01-a,CSD-NEDNAM-01-a,a70cb1f9d276b096b1c0d7c0237579f4,True
SEPZAO,C4H7,Pt,-1.0,1.0,3.0,,Manting,unq_CSD-SEPZAO-01-d,CSD-SEPZAO-01-d,47ed92e6da47440e84d86339e0563548,True
MIGFIS,C7H4N1O4,Ni,-2.0,2.0,3.0,,Manting,unq_CSD-MIGFIS-01-a,CSD-MIGFIS-01-a,fd6f1ef71145fb24b7595bd5fc8d451d,True
TANPII,C1H2N3O2,Co,-1.0,2.0,3.0,,Manting,unq_CSD-TANPII-03-b,CSD-TANPII-03-b,cdf55b078ff0315ea0f9af096f49e303,True
JAPPOF,C8H16N4P1,Pt,-1.0,2.0,3.0,,Manting,unq_CSD-DUKFOE-02-a,CSD-JAPPOF-02-a,c1b7fc8b47c3199e8aa3fb95f832cdb6,True
NIMTIM,C10H15N2O2,V,-1.0,4.0,3.0,,Manting,unq_CSD-NIMTIM-04-a,CSD-NIMTIM-04-a,744ccb9bea596ddcf7a072bfac414731,True
KIJJOD,C36H31N2,Pd,0.0,2.0,3.0,,Manting,unq_CSD-KIJJOD-03-a,CSD-KIJJOD-03-a,86bc6b1273ac8cbfbea7b076eb7b67f5,True
CMEPDA,C7H15N1S1,Pd,0.0,2.0,3.0,,Manting,unq_CSD-CMEPDA-02-a,CSD-CMEPDA-02-a,a6c17425d7955c4ac2420afa58c25733,True
PUYXAJ,C22H25O3P1Se1,Pd,0.0,2.0,3.0,,Manting,unq_CSD-PUYXAJ-02-a,CSD-PUYXAJ-02-a,4052fc2e95d644d5f7a8f33a7b1cad38,True
HAXPEB,C9H9N2O2,V,-1.0,3.0,3.0,,Manting,unq_CSD-HAXPEB-03-a,CSD-HAXPEB-03-a,16d9a42cce83d5c70b7afa8f1c7ec795,True
NEVKEE,C10H28N3Si2,Ti,-1.0,3.0,3.0,,Manting,unq_CSD-NEVKOO-03-a,CSD-NEVKEE-03-a,6f1c716df0ac1e9c45979cab1b92e440,True
HEFFIJ,C34H38N2,Ni,0.0,2.0,3.0,,Manting,unq_CSD-HEFFIJ-03-a,CSD-HEFFIJ-03-a,2381fbef4b8b4cf610c7c9f6964c358a,True
DAMLUA,C13H20N4O1,Zn,0.0,2.0,3.0,,Manting,unq_CSD-DAMLUA-02-a,CSD-DAMLUA-02-a,7a7d08968d8474ee7788f1c71d5aa6b8,True
MOBFEO,C12H20N4O4,Co,-2.0,6.0,3.0,,Manting,unq_CSD-MOBFEO-06-a,CSD-MOBFEO-06-a,294488a057e90c39b06b6149685486ff,True
TEFCOZ,C26H38N2O1,Cu,0.0,2.0,3.0,,Manting,unq_CSD-TEFCOZ-02-a,CSD-TEFCOZ-02-a,287a08a10b5d9eff51bd9b82b7c55430,True
QAWVUH,C24H27N1Se3,Hg,0.0,4.0,3.0,,Manting,unq_CSD-QAWVUH-04-a,CSD-QAWVUH-04-a,c9649508ae4e31fd548ad61b4bb8a93a,True
XAFBOV,C41H27N4O1,Rh,-1.0,2.0,3.0,Can have higher denticity if allowed,Manting,unq_CSD-XAFBOV-02-a,CSD-XAFBOV-02-a,1bc09d99905e9f50d40f2d83d884f173,False
QERXET,C29H29N3O2,Co,-2.0,5.0,3.0,,Manting,unq_CSD-QERXET-05-a,CSD-QERXET-05-a,2cef93e80b9fe39fdd7fdb770ee84797,True
HAGJIK,C8Cl2H5O3,Zn,-1.0,1.0,3.0,Can have higher denticity if allowed,Manting,,,,False
CEBYAK,C6H3P1,Re,0.0,1.0,3.0,,Manting,unq_CSD-CEBYAK-01-a,CSD-CEBYAK-01-a,a15fa1f445a054ab5a91a8b42254def3,True
MIGHIV,C18H17N2,V,-1.0,2.0,3.0,,Manting,unq_CSD-MIGHIV-02-a,CSD-MIGHIV-02-a,3e97cbe3fa83f27b555db7df7a360b4e,True
CAPHUW,C12H10N3O1,Pd,-1.0,2.0,3.0,,Manting,unq_CSD-CAPHUW-04-a,CSD-CAPHUW-04-a,97b3f29e4398d9e5d1d3984e8bfd43db,True
FUTWAT,C24H54P4,Fe,0.0,4.0,3.0,,Manting,unq_CSD-FUTWAT-04-a,CSD-FUTWAT-04-a,c2576d653db59cedd73d824404259b4d,True
SIYFUB,C5H5O1,Ti,-1.0,2.0,3.0,C6H5NO real stoichiometry,Manting,unq_CSD-SIYFUB-03-a,CSD-SIYFUB-03-a,b1fdd4426d48fb8672b1cd551b430662,False
IYUQUP,C24F2H13N2,Pt,-1.0,3.0,3.0,,Manting,,,,False
RADPET,C13H33N3Si2,Ta,-2.0,3.0,3.0,,Manting,unq_CSD-FEPFOW-04-a,CSD-RADPET-03-a,34076de653ef043a5476526c6c5615c1,True
BOCYEA,C10H10N1S2,Ru,0.0,1.0,3.0,,Manting,,,,False
NIJCOY,C14H24,Pd,-2.0,2.0,3.0,,Manting,unq_CSD-NIJCOY-04-a,CSD-NIJCOY-04-a,54f06c932f2c00435dbbb3c0446fa27b,True
JATCAL,B1Br3C15H19N6,Ni,-1.0,3.0,3.0,,Manting,,,,False
FUZSOK,C12H10N4,Pt,-2.0,3.0,3.0,,Manting,unq_CSD-FUZSOK-04-a,CSD-FUZSOK-04-a,1106b663081dd3e9c96837f7b07eaded,True
GIJBOR,C10H20N1O3,Ti,-3.0,4.0,3.0,,Manting,unq_CSD-UROPOH-04-a,CSD-GIJBOR-04-a,75810cbea4306914ac8b805e3f9189ce,True
PIKLEC,C18H17N3O1,Pt,0.0,2.0,3.0,,Manting,unq_CSD-PIKLEC-02-b,CSD-PIKLEC-02-b,f95222dba3bc8ed512d984f2a50ddf13,True
QAGFOU,C15H20N2,Ti,0.0,6.0,3.0,Pi and monodentate coordinatin mode ignore denticity,Manting,unq_CSD-QAGFOU-06-a,CSD-QAGFOU-06-a,3f5b5ea551db760d0fb5db4729c7fd48,False
ALOBEJ,C14H20O2,Pt,-2.0,2.0,3.0,,Manting,unq_CSD-ZOPJAS-02-a,CSD-ALOBEJ-02-a,427ef79f25036963e9aae62c15b9f289,True
KAYPUW,C8H8N1O2,Zn,-1.0,2.0,3.0,,Manting,unq_CSD-KAYPUW-02-b,CSD-KAYPUW-02-b,53fa23e6bb8567e30484178cd769c1bd,True
BOCXIC,C20H21N3,Hg,0.0,2.0,3.0,,Manting,unq_CSD-BOCXIC-02-a,CSD-BOCXIC-02-a,3833db5f6467e44677f09bbf18171aee,True
DICJEH,C9H14N1O2S2,Au,-1.0,2.0,3.0,,Manting,unq_CSD-HOMWOX-02-a,CSD-DICJEH-02-a,17db0ba7e62821ba591ae95edf1cb529,True
SADFUY,C7H18N2Si2,W,-1.0,1.0,3.0,,Manting,unq_CSD-SADFUY-02-e,CSD-SADFUY-02-e,a92ad75b1b3e598b8b107fa365e40630,True
OFAFUW,C12H20N4O2,Ni,-2.0,4.0,3.0,,Manting,unq_CSD-OFAFUW-04-a,CSD-OFAFUW-04-a,be0234a92f18597d202d9c908aaa0562,True
MIMMAW,C15H14N1O1S1,Pd,-1.0,3.0,3.0,,Manting,unq_CSD-MIMMAW-03-a,CSD-MIMMAW-03-a,13c45ee39c9a9ece8b395912c1f22187,True
BIZGIA,C7H9O4S2,Co,-1.0,2.0,3.0,,Manting,unq_CSD-BIZKEA-02-a,CSD-BIZGIA-02-a,29c7a8cc264e7758984d0f9a6dbdca06,True
GEJVUP,C15H14N2,Au,0.0,1.0,3.0,,Manting,unq_CSD-GEKDUY-01-b,CSD-GEJVUP-01-a,67a7ba4cebc0c99876d90d40e17d57fc,True
KIPYOX,C11H10N2,Pd,-1.0,2.0,3.0,If counting the counter anion to be interacting ionically,Manting,,,,False
UTEMEN,C12H29N1P2,Ni,0.0,2.0,3.0,,Manting,unq_CSD-UTEMOX-02-a,CSD-UTEMEN-02-a,c6fc4d4334abb23eb3c53b22a01af71a,True
AJIYIC,C20F2H20N2O2,Pt,-2.0,4.0,3.0,,Manting,,,,False
XAXZEB,C6H7N1O1,Pt,0.0,1.0,3.0,,Manting,unq_CSD-RAPTIO-01-c,CSD-XAXZEB-01-c,d521d0ee39d7a378eda8fe9cce85182f,True
VIZHOB,C24H26O2,Ti,-1.0,2.0,3.0,,Manting,unq_CSD-VIZHOB-02-a,CSD-VIZHOB-02-a,50c5cd1ffe01a8013b5973909e408697,True
FONBAM,C4H4O5,Ni,-2.0,3.0,3.0,,Manting,,,,False
UBEYAB,C4H8O1,Pt,-2.0,2.0,3.0,,Manting,unq_CSD-UBEYAB-03-a,CSD-UBEYAB-03-a,9be9e9d6e2e9d273efc485102d1aa0b5,True
CAVMEU,C21H27N3,Ru,0.0,1.0,3.0,Can have higher denticity if allowed,Manting,unq_CSD-CAVMEU-01-a,CSD-CAVMEU-01-a,ac6f4a2b2c3758d712e9ba101c851c58,False
KAYYUG,C18H36N6,Zn,0.0,4.0,3.0,,Manting,unq_CSD-KAYYUG-04-a,CSD-KAYYUG-04-a,dd4db14610878b200a4ea72c0ce3ebc6,True
WURGIB,C24H29N2O1P1,Zn,0.0,2.0,3.0,,Manting,unq_CSD-WURGIB-02-a,CSD-WURGIB-02-a,be6fb1ebaf8d1248b27c19c6a8644bc6,True
GATFUD,B1C21H34N6,Fe,-1.0,3.0,3.0,,Manting,,,,False
EFUWIL,C25H26N1O1P1,Pd,0.0,2.0,3.0,,Manting,unq_CSD-EFUWIL-02-a,CSD-EFUWIL-02-a,3ea5d8a1e118dd248daacc90e7e29514,True
NIGFUH,C6H5N2O3,Ir,-1.0,2.0,3.0,,Manting,unq_CSD-NIGFUH-02-a,CSD-NIGFUH-02-a,6050465fa4259ab0521fe10e693db2fb,True
MASBEQ,C25H22N2O4,Ni,-1.0,4.0,3.0,,Manting,unq_CSD-MASBEQ-04-a,CSD-MASBEQ-04-a,818d13f0c0a2ff5b74f7e33f315aff24,True
UGODUQ,C5H6N2,Zn,0.0,1.0,3.0,,Manting,unq_CSD-LEQBOY-01-b,CSD-UGODUQ-01-a,4bb6fd91bb2f7f30c106f78473ea12f3,True
MAZXAO,C5H4N2O2,Pt,-1.0,1.0,3.0,,Manting,unq_CSD-CUHXUY-01-e,CSD-MAZXAO-01-f,eca5f805a310a87a32b9aa05fe275a46,True
VUCYUO,C24H30N4,Ni,0.0,3.0,3.0,,Manting,unq_CSD-VUCYUO-04-a,CSD-VUCYUO-04-a,1860bca772f4577300433b4bf1f228c8,True
LULNUB,C15H20N4O2,Re,0.0,3.0,3.0,,Manting,unq_CSD-LULNUB-03-a,CSD-LULNUB-03-a,a62b3f16669c102d5d38f5af67a39c1a,True
MASWOU,C14H13N3O1S1,Ni,0.0,1.0,3.0,weird,Manting,unq_CSD-MASWOU-01-a,CSD-MASWOU-01-a,1161eaca7f9c218042fbebdc0d381710,False
JALJIS,C12H12N4,Zn,0.0,2.0,3.0,,Manting,unq_CSD-JALJIS-02-a,CSD-JALJIS-02-a,a6e41fa499550fabc6b6c0dd028040c6,True
DUCBOS,C13H10N6,La,0.0,3.0,3.0,,Manting,unq_CSD-DUCVIG-03-a,CSD-DUCBOS-03-a,d472b38540ef8bf167412ca72a2625a8,True
FEKLAJ,C47F6H26N4,Zn,-2.0,4.0,3.0,,Manting,,,,False
KITNAF,C22H18N4,Zn,0.0,2.0,3.0,,Manting,unq_CSD-KITNAF-02-a,CSD-KITNAF-02-a,559968e73db3ed2a0a26e81e7c4c97d3,True
DEQJOB,C22H16N3O1,Pd,-1.0,3.0,3.0,,Manting,unq_CSD-DEQJOB-03-a,CSD-DEQJOB-03-a,d5b6a38abf309952424850925fc91971,True
XESHAG,C23H26N4,Fe,0.0,2.0,3.0,,Manting,unq_CSD-XESHAG-03-a,CSD-XESHAG-03-a,7ad3a962fb7a8399fd489270745bdbd9,True
BODPUI,C36F5H31N2O2S1,Rh,-1.0,0.0,3.0,Multicoordination mode,Manting,,,,False
MASSEH,C18H15N2O2S1,Pt,-1.0,2.0,3.0,,Manting,unq_CSD-MASSEH-02-a,CSD-MASSEH-02-a,448354240c10758673094092930c2cb3,True
RARRIL,C11H12O8S2,Co,-2.0,3.0,3.0,,Manting,unq_CSD-RARRIL-03-a,CSD-RARRIL-03-a,09840503d0b0d70fc1149ee3e537134a,True
ITUGIP,C9H22N4,Zn,0.0,2.0,3.0,,Manting,unq_CSD-ITUGIP-02-a,CSD-ITUGIP-02-a,bf2206b4abe72c869775ed9a5d92aef3,True
ASAVOH,C19H22N4O4,Mn,-4.0,4.0,3.0,,Manting,unq_CSD-ASAVOH-04-a,CSD-ASAVOH-04-a,591da34487c23a77295e0f8bce52a6b9,True
MUTYEG,C11H20N2O1,Zn,0.0,2.0,3.0,,Manting,unq_CSD-MUTYIK-02-a,CSD-MUTYEG-02-a,8c9bb715bea19e786a25a8f83f6735d1,True
SIVJOZ,C19H35N2Si1,Ir,-1.0,3.0,3.0,,Manting,unq_CSD-SIVLOB-06-a,CSD-SIVJOZ-03-a,d75243b9d098243a472dbd3da4689d10,True
XOZMUU,C13H12N1,Pd,-1.0,2.0,3.0,,Manting,unq_CSD-XOZMUU-02-a,CSD-XOZMUU-02-a,87f994e9e383efaa5f3f809e12098743,True
BERKUH,C12H11N3O1,Cd,0.0,3.0,3.0,,Manting,unq_CSD-BERKUH-01-c,CSD-BERKUH-01-c,27c66b3ffad962834421488027d99cd7,True
DUNGUQ,C2H4N1O1,Pt,-1.0,1.0,3.0,Can have higher denticity if allowed,Manting,unq_CSD-BIXSEJ-01-a,CSD-DUNGUQ-01-c,b55df9376aa7566b68ac237a6463987b,False
TUFDEE,C6H9N2O2S1,Re,-1.0,3.0,3.0,,Manting,unq_CSD-TUFDEE-03-a,CSD-TUFDEE-03-a,0dc64ca0bd113766882747953775f503,True
HILDAI,C23H20N4,Ni,0.0,3.0,3.0,,Manting,unq_CSD-LILWEJ-06-a,CSD-HILDAI-04-a,fd5841aef888f03bf8031d0a0a45f905,True
FOCWEZ,C4H9N2Si1,Rh,-1.0,1.0,3.0,,Manting,unq_CSD-ZUXGUU-02-a,CSD-FOCWEZ-01-a,05ceb129cf1e4ac75c9d78d4ec75de2a,True
PIPYUK,C7H10O2,Tc,-2.0,2.0,3.0,,Manting,unq_CSD-PIPYUK-02-a,CSD-PIPYUK-02-a,7e15908647dd54d7eeeeef4be6935ff4,True
QAWQUB,C11H17N3,Co,0.0,3.0,3.0,,Manting,unq_CSD-QAWQUB-03-a,CSD-QAWQUB-03-a,28f2e93060887824a74003ebfef60eb9,True
IXEYEQ,C7H5O1,Hg,-1.0,2.0,3.0,,Manting,unq_CSD-OFADEF-02-a,CSD-IXEYEQ-01-b,9be837f3ad4bb343c31d39ea05c486e9,True
LIHPUN,C30H24N6,Pd,0.0,2.0,3.0,,Manting,unq_CSD-LIHRAV-02-d,CSD-LIHPUN-02-a,e1738f14468082bf6ed8a495dd5976e7,True
GIGJIQ,C7F1H10Si1,Ti,-1.0,0.0,3.0,Pi - ignore denticity ,Manting,,,,False
ULUDIO,C15H14O2,W,-2.0,2.0,3.0,,Manting,unq_CSD-ULUDIO-02-a,CSD-ULUDIO-02-a,478a4ce7224916523f901a035c896f86,True
WENGOO,C18H15N2,Pt,-1.0,3.0,3.0,,Manting,unq_CSD-QAWLOR-03-a,CSD-WENGOO-03-a,4ad2633505cf845d568bf79a403c8815,True
TESPEP,C8H22N2O3Si1,Ru,0.0,2.0,3.0,,Manting,unq_CSD-TESPEP-02-c,CSD-TESPEP-02-c,aec7e6b446cae02551a1f46e077d171f,True
NOBYOV,C13Cl1H18N2O1,V,-1.0,3.0,3.0,,Manting,,,,False
XIRFIP,C18H20N3,Au,-1.0,2.0,3.0,,Manting,unq_CSD-XIRFIP-02-a,CSD-XIRFIP-02-a,e5c200870826dcf203e00c2c9e3e3a72,True
HANXEZ,C12H19N2,Ti,-1.0,3.0,3.0,,Manting,unq_CSD-HANXEZ-03-a,CSD-HANXEZ-03-a,b0ea411734757c84424ee5c9d94f2a13,True
HOCDEJ,C24H33O2P1,Au,0.0,1.0,3.0,,Marconi1,unq_CSD-HOCDEJ-01-a,CSD-HOCDEJ-01-a,81c1403a6be54c89824dacd23bebe2a8,True
RAMHAO,C8H9,Au,-1.0,1.0,3.0,Not really a ligand,Marconi1,unq_CSD-YIXCUD-02-a,CSD-RAMHAO-01-d,cc95f82d93840c1d91176e665f15423f,False
ZUGPUO,C15H20N1P1,Pt,0.0,2.0,3.0,,Marconi1,unq_CSD-ZUGPUO-02-a,CSD-ZUGPUO-02-a,836db51b1737be9110438d59b97a72fb,True
HIJRUN,C6Cl1H5N1O1,Zn,0.0,2.0,3.0,,Marconi1,,,,False
HERRIF,C9H13N5O3,Ni,-2.0,4.0,3.0,,Marconi1,unq_CSD-HERRIF-04-a,CSD-HERRIF-04-a,a02932d226668b92416b0c9e6c5b49fd,True
OBOCOY,Br2C18H16N4,Zn,0.0,3.0,3.0,Could increase denticity to 4 probably,Marconi1,,,,False
KELRAV,C14H12N2O1,Pd,0.0,2.0,3.0,,Marconi1,unq_CSD-QARQUV-02-a,CSD-KELRAV-02-a,d345991729b7c9ee0050958fa6edc67c,True
QOKZUL,C26H36N8S2,Pt,-2.0,2.0,3.0,,Marconi1,unq_CSD-QOKZUL-08-a,CSD-QOKZUL-08-a,452ce225fa677c3faf1fc62b12e90c2b,True
MOWDOS,C9H16N2,Pt,0.0,1.0,3.0,,Marconi1,unq_CSD-MOWDOS-01-c,CSD-MOWDOS-01-c,2a5555c55371ed5b8c492c6dae443116,True
NALXON,C18H14I1P1,Au,0.0,1.0,3.0,,Marconi1,unq_CSD-NALXON-01-b,CSD-NALXON-01-b,1967bebadecd2ba97b120ce9ddbc7ef8,True
PAWXOD,C7H7N3,Au,0.0,1.0,3.0,,Marconi1,unq_CSD-PAWXOD-01-b,CSD-PAWXOD-01-b,7fa47eb339a843658de90d068541cd42,True
LAXKAW,C13H16N1O2,Pd,-1.0,2.0,3.0,,Marconi1,unq_CSD-AXITOQ-02-a,CSD-LAXKAW-02-a,21c2c38d8f3ed457521e4735833aef46,True
WEDJEU,C12H20,Pt,0.0,2.0,3.0,,Marconi1,unq_CSD-BOYVIV-04-a,CSD-WEDJEU-04-a,cdc55b9ed276681f168844433aa42412,True
KAHXOH,C32H34N1P1,Pd,0.0,2.0,3.0,,Marconi1,unq_CSD-KAHXOH-02-a,CSD-KAHXOH-02-a,b7bca688f90ddf4d5dfadc54a73f7f71,True
QAGGUA,C27H51N1P2,Pt,0.0,2.0,3.0,,Marconi1,unq_CSD-QAGHAH-02-a,CSD-QAGGUA-02-a,5e46f79e7db9c295121c93986784fcad,True
YEYPOK,C6H5O1,Au,-1.0,1.0,3.0,"The ligand is the PN fragment (0,2,3)",Marconi1,unq_CSD-YEYPOK-01-b,CSD-YEYPOK-01-b,0051e0a7703a91c8680310f367168ce9,False
NEJWAB,C22H13,Pt,-1.0,1.0,3.0,Not really a ligand,Marconi1,unq_CSD-NEJWAB-01-d,CSD-NEJWAB-01-d,738a3e3d0a4b1fc922a5823549b3c07a,False
VAPBOF,C14H10N3,Pt,-1.0,3.0,3.0,,Marconi1,unq_CSD-VAPBUL-05-a,CSD-VAPBOF-03-a,f53c857060830d907180cfce665b60a9,True
HACGAU,C18H14O3P1S1,Au,-1.0,1.0,3.0,Charge located in the SO3 group,Marconi1,unq_CSD-HACGAU-01-b,CSD-HACGAU-01-b,89148adb81f77cc93eaa463934d2ab5b,False
JOSSAL,C12H10O4,Ru,-2.0,2.0,2.0,,Marconi1,unq_CSD-JOSSAL-02-a,CSD-JOSSAL-02-a,60c88b9c6974daf45f97d2ed117dce01,False
CALDIF,C13H11N1S1,Pd,0.0,2.0,3.0,,Marconi1,unq_CSD-CALDIF-04-a,CSD-CALDIF-04-a,bb3ff9b69f31f79093154657f9163f2b,True
HEVBAM,C17H26N1P1,Rh,0.0,2.0,3.0,,Marconi1,unq_CSD-NAKWUS-02-c,CSD-HEVBAM-02-a,12c8b462813aa435727d4db103171c43,True
QIQLOT,C26H30N2O1,Pt,0.0,1.0,3.0,With other metal can behave differently,Marconi1,unq_CSD-QIQLOT-01-a,CSD-QIQLOT-01-a,9901a225be7d24da5b9ba0b948cc09b8,False
GEYWUE,C20H30N8,Pt,0.0,2.0,3.0,With other metal can behave differently,Marconi1,unq_CSD-GEYWUE-02-a,CSD-GEYWUE-02-a,e5e27271f45ad637eaac59eb3fd0e46c,False
ODALIR,C35H38N2O1,Pt,-2.0,4.0,3.0,,Marconi1,unq_CSD-ODALIR-06-a,CSD-ODALIR-06-a,79ab66b5623600ec752cafefc73724ff,True
NIDFEM,C22H18N4,Zn,-2.0,4.0,3.0,,Marconi1,unq_CSD-NIDFEM-04-a,CSD-NIDFEM-04-a,9d8fa73a7b6e443491be5aebbe877a3c,True
CAGWAL,C6H7O1,Pd,-1.0,2.0,3.0,"Not really a ligand, allyl group",Marconi1,unq_CSD-CAGWAL-03-a,CSD-CAGWAL-03-a,8f4e2420a37aae6c1bffd994fe70e3c5,False
ZUCYOL,C21H24N1O1P1,Pd,0.0,2.0,3.0,,Marconi1,unq_CSD-ZUCYOL-02-a,CSD-ZUCYOL-02-a,0ebcc546ea7f1b3e492b1c80ab1e473a,True
BEVKAR,C14H12N2,Ru,0.0,2.0,3.0,,Marconi1,unq_CSD-LIVDOJ-02-b,CSD-BEVKAR-02-a,cc6b62d69fd15c81072a137d269150cf,True
FELPAP,C12H17N1O1S1,Pd,0.0,2.0,3.0,,Marconi1,unq_CSD-TAHRIF-02-a,CSD-FELPAP-02-a,6a9d8b90fc39cd7b0990f824c40f650e,True
RECTIF,C11H8N4,Au,0.0,1.0,3.0,,Marconi1,unq_CSD-RECTIF-01-a,CSD-RECTIF-01-a,5efa767d2ddb1c2b4a98a70644ac1db2,True
TIVQIZ,C25H45P2,Ir,-1.0,3.0,3.0,,Marconi1,unq_CSD-TIVQIZ-03-a,CSD-TIVQIZ-03-a,5f59be9122f6611a42af464b88fd668b,True
LISQEK,C10H10N2,Pt,0.0,1.0,3.0,,Marconi1,unq_CSD-VIZDIU-01-b,CSD-LISQEK-01-b,864d65fcab8befb195d908478e13f15a,True
ALITUM,C29H32N3P2,Pd,1.0,2.0,3.0,The charge is located in the NR3H,Marconi1,unq_CSD-ALITUM-02-a,CSD-ALITUM-02-a,9fbdfdc19f3e079b2d840d3b33abffb6,False
EHOLUJ,C11H17N3O1,Zn,0.0,3.0,3.0,,Marconi1,unq_CSD-PEMGIA-03-a,CSD-EHOLUJ-03-a,ae60df2910ea46a235a5c17ff4a4cc59,True
JEFGIL,C28H30N4,Zn,0.0,2.0,3.0,,Marconi1,unq_CSD-WUKBIP-02-a,CSD-JEFGIL-02-a,0ed368f5ba59ff8e827158fdd8904dcd,True
IJEMOA,C4H9Se1,Pt,-1.0,1.0,3.0,Not really a ligand,Marconi1,unq_CSD-POHGEZ-01-a,CSD-IJEMOA-01-c,39890a954ec1d00db0189881b2941616,False
WETVAT,C21H14N1O1,Ir,-1.0,2.0,3.0,,Marconi1,unq_CSD-WETVAT-02-a,CSD-WETVAT-02-a,2e9cab5886579bc919b0a5cbc2474b24,True
TISGAE,As1C26H26P1,Pd,0.0,2.0,3.0,,Marconi1,,,,False
JILSEC,C13H18N2,Pd,0.0,2.0,3.0,,Marconi1,unq_CSD-JILSEC-02-a,CSD-JILSEC-02-a,ffcae3077aca35a3f955aae6fd66c259,True
WIRGUB,C16H18P1Se2,Au,-1.0,2.0,2.0,,Marconi1,unq_CSD-WIRGUB-02-a,CSD-WIRGUB-02-a,841af9b62a6c96e288155b465bde8154,False
BEXBIQ,B30C9H39P1,Au,0.0,1.0,3.0,,Marconi1,,,,False
YAZCOT,C20H13N2,Ir,-1.0,2.0,3.0,,Marconi1,unq_CSD-YAZCOT-02-a,CSD-YAZCOT-02-a,2c903917a9f2d0b3c666f14cffec7d1d,True
CINPOG,C4H11N1,Zn,-2.0,4.0,3.0,,Marconi1,unq_CSD-NALQOI-01-a,CSD-CINPOG-01-a,3672539b1c60cb693744132d5e98822f,True
TIGVEK,C25H40P4,Rh,0.0,4.0,3.0,,Marconi1,unq_CSD-TIGVEK-04-a,CSD-TIGVEK-04-a,ee505bba39eb29abbb88d921db7558f6,True
FIGNOZ,C5H9N4,Pd,-1.0,1.0,2.0,,Marconi1,unq_CSD-PEJHES-01-a,CSD-FIGNOZ-01-c,28ba0495e5d3814981310772b14f520e,False
NOKGUR,C18H13N4O1,Pd,-1.0,3.0,3.0,,Marconi1,unq_CSD-TEHLIE-04-a,CSD-NOKGUR-04-a,9250428e9c585ea3bdb97384224950e7,True
LOMXER,C12H21N1Si1,Ru,0.0,4.0,3.0,Denticity is tricky here,Marconi1,unq_CSD-LOMXER-07-a,CSD-LOMXER-07-a,9ee02fdd306db5c15d597a8157eba7a4,False
WILBEZ,C4H7O2,Pd,-1.0,1.0,3.0,Not really a ligand,Marconi1,unq_CSD-WILBEZ-02-a,CSD-WILBEZ-02-a,267b09fbe09ddaa72dbf8176ca89583d,False
GEZNUW,C19H24N3,Ir,-1.0,2.0,2.0,,Marconi1,unq_CSD-GEZNUW-02-a,CSD-GEZNUW-02-a,00e2042f801e6d0fc4059c7d55004307,False
OLEVEG,C4H8S2,Rh,0.0,1.0,3.0,,Marconi1,unq_CSD-OLEVOQ-01-c,CSD-OLEVEG-01-c,45f094b9bf55da9f6334c7c23a4e2240,True
