attempt,success,complex idx,complex name,stoichiometry,note,ligand names,ligand stoichiometries,ligand charges,batch idx,batch name,metal,oxi state,spin,topology,similarity,total charge,optimization,isomers,random seed
0,True,0.0,IZALACUW,C19H24N6O1Pd1S3,optimized,"('unq_CSD-MIDLAP-03-a', 'unq_CSD-PUPDAF-02-a', 'unq_CSD-KADHUT-01-a')","('C10H13N2O1S1', 'N3S2', 'C9H11N1')","(-1.0, -1.0, 0.0)",0,Octahedral_Pd(II),Pd,+2,0,"(3, 2, 1)","(1, 2, 3)",0,True,Generate Lowest Energy,0
1,False,,,C30H35N7O3Pd1S1,clashing ligands,"('unq_CSD-MOYBUZ-03-a', 'unq_CSD-UCUFUU-02-a', 'unq_CSD-PAZJIK-01-b')","('C12H12N3O1', 'C9H13N2O2S1', 'C9H10N2')","(-1.0, -1.0, 0.0)",0,Octahedral_Pd(II),Pd,+2,0,"(3, 2, 1)","(1, 2, 3)",0,True,Generate Lowest Energy,0
2,False,,,C24H38N8Pd1S2,clashing ligands,"('unq_CSD-DELZIH-03-a', 'unq_CSD-MIRWOA-02-a', 'unq_CSD-SATXOA-01-b')","('C8H9N3S2', 'C6H15N3', 'C10H14N2')","(-2.0, 0.0, 0.0)",0,Octahedral_Pd(II),Pd,+2,0,"(3, 2, 1)","(1, 2, 3)",0,True,Generate Lowest Energy,0
3,True,1.0,NIWELAQU,C29H29N7Pd1S2,optimized,"('unq_CSD-DELZIH-03-a', 'unq_CSD-SIMFOL-02-a', 'unq_CSD-SUZVOB-01-c')","('C8H9N3S2', 'C11H10N2', 'C10H10N2')","(-2.0, 0.0, 0.0)",0,Octahedral_Pd(II),Pd,+2,0,"(3, 2, 1)","(1, 2, 3)",0,True,Generate Lowest Energy,0
4,False,,,C34H33N5O1Pd1,clashing ligands,"('unq_CSD-EDUQID-03-a', 'unq_CSD-DEWXOT-02-a', 'unq_CSD-QIHJOJ-01-d')","('C12H11', 'C12H12N3O1', 'C10H10N2')","(-1.0, -1.0, 0.0)",0,Octahedral_Pd(II),Pd,+2,0,"(3, 2, 1)","(1, 2, 3)",0,True,Generate Lowest Energy,0
5,True,2.0,URAWIDAT,C28H29N7Pd1S1,optimized,"('unq_CSD-VAPHUR-03-a', 'unq_CSD-RIZROH-02-a', 'unq_CSD-TAZCPD-01-b')","('C8H10N4S1', 'C11H10N2', 'C9H9N1')","(-2.0, 0.0, 0.0)",0,Octahedral_Pd(II),Pd,+2,0,"(3, 2, 1)","(1, 2, 3)",0,True,Generate Lowest Energy,0
6,True,3.0,OSUPEZIC,C29H27N9O6Pd1,optimized,"('unq_CSD-CAGHOL-03-a', 'unq_CSD-JIYBOJ-02-a', 'unq_CSD-RIWYUR-01-a')","('C11H10N2O4', 'C13H12N2O2', 'C5H5N5')","(-2.0, 0.0, 0.0)",0,Octahedral_Pd(II),Pd,+2,0,"(3, 2, 1)","(1, 2, 3)",0,True,Generate Lowest Energy,0
7,True,4.0,UDOZIPUS,C26H20N8O1Pd1S1,optimized,"('unq_CSD-DIZYAN-03-a', 'unq_CSD-PETLUY-02-a', 'unq_CSD-BISNUM-01-a')","('C9H9N3S1', 'C11H6N2O1', 'C6H5N3')","(-2.0, 0.0, 0.0)",0,Octahedral_Pd(II),Pd,+2,0,"(3, 2, 1)","(1, 2, 3)",0,True,Generate Lowest Energy,0
8,True,5.0,JINIVEJU,C26H38N8O1Pd1S2,optimized,"('unq_CSD-YUJKET10-03-a', 'unq_CSD-ZUPXUG-02-a', 'unq_CSD-PAHKEQ-01-b')","('C8H12N4S2', 'C12H11N3O1', 'C6H15N1')","(-2.0, 0.0, 0.0)",0,Octahedral_Pd(II),Pd,+2,0,"(3, 2, 1)","(1, 2, 3)",0,True,Generate Lowest Energy,0
9,False,,,C36H29N7O1Pd1,clashing ligands,"('unq_CSD-ENAKOW-03-a', 'unq_CSD-HEYYOA-02-a', 'unq_CSD-WUSKAZ-01-b')","('C12H9N3O1', 'C12H9N3', 'C12H11N1')","(-2.0, 0.0, 0.0)",0,Octahedral_Pd(II),Pd,+2,0,"(3, 2, 1)","(1, 2, 3)",0,True,Generate Lowest Energy,0
10,True,6.0,GACUSEKE,C23H37N7O2Pd1S1,optimized,"('unq_CSD-COGZOQ-03-a', 'unq_CSD-PAQQUV-02-a', 'unq_CSD-MUFBIZ-01-b')","('C8H7N3O2S1', 'C6H14N2', 'C9H16N2')","(-2.0, 0.0, 0.0)",0,Octahedral_Pd(II),Pd,+2,0,"(3, 2, 1)","(1, 2, 3)",0,True,Generate Lowest Energy,0
11,True,7.0,IGIHOKUB,C26H31N7O5Pd1S1,optimized,"('unq_CSD-HEBPAJ-03-a', 'unq_CSD-AFIMEK-02-a', 'unq_CSD-QEKGIY-01-d')","('C10H12N3O3', 'C9H5N2O2S1', 'C7H14N2')","(-1.0, -1.0, 0.0)",0,Octahedral_Pd(II),Pd,+2,0,"(3, 2, 1)","(1, 2, 3)",0,True,Generate Lowest Energy,0
12,False,,,C27H27N7O1Pd1,clashing ligands,"('unq_CSD-MOYBUZ-03-a', 'unq_CSD-PEMNAX-02-c', 'unq_CSD-BOLQEZ-01-a')","('C12H12N3O1', 'C12H8N3', 'C3H7N1')","(-1.0, -1.0, 0.0)",0,Octahedral_Pd(II),Pd,+2,0,"(3, 2, 1)","(1, 2, 3)",0,True,Generate Lowest Energy,0
13,False,,,C37H39N5O2Pd1,clashing ligands,"('unq_CSD-OGAQOC-03-a', 'unq_CSD-MELDIT-02-a', 'unq_CSD-KOFJOH-01-a')","('C15H13', 'C7H14N3O2', 'C15H12N2')","(-1.0, -1.0, 0.0)",0,Octahedral_Pd(II),Pd,+2,0,"(3, 2, 1)","(1, 2, 3)",0,True,Generate Lowest Energy,0
14,True,8.0,EFEJECEM,C36H31N5O2Pd1,optimized,"('unq_CSD-ULURUP-03-a', 'unq_CSD-BCAZFN-02-a', 'unq_CSD-PUWDAP-01-c')","('C12H11N1O2', 'C13H6N2', 'C11H14N2')","(-2.0, 0.0, 0.0)",0,Octahedral_Pd(II),Pd,+2,0,"(3, 2, 1)","(1, 2, 3)",0,True,Generate Lowest Energy,0
15,False,,,C27H24N8O1Pd1S1,non-planar tridentate,"('unq_CSD-PIDFIT-03-a', 'unq_CSD-SIXJUE-02-a', 'unq_CSD-TAMZEP-01-a')","('C12H9N3O1S1', 'C8H6N4', 'C7H9N1')","(-2.0, 0.0, 0.0)",0,Octahedral_Pd(II),Pd,+2,0,"(3, 2, 1)","(1, 2, 3)",0,True,Generate Lowest Energy,0
16,True,9.0,WABIVOVE,C15H24N8O1Pd1S1,optimized,"('unq_CSD-WEJKOL-03-a', 'unq_CSD-BELVUK-02-a', 'unq_CSD-PAGDUZ-01-a')","('C7H11N3O1S1', 'C6H6N4', 'C2H7N1')","(-2.0, 0.0, 0.0)",0,Octahedral_Pd(II),Pd,+2,0,"(3, 2, 1)","(1, 2, 3)",0,True,Generate Lowest Energy,0
17,False,,,C27H29N5O6Pd1S2,non-planar tridentate,"('unq_CSD-BIGJOR-03-a', 'unq_CSD-MARTUW-02-a', 'unq_CSD-PAHJIT-01-b')","('C11H9N2O3S1', 'C12H9N2O3S1', 'C4H11N1')","(-1.0, -1.0, 0.0)",0,Octahedral_Pd(II),Pd,+2,0,"(3, 2, 1)","(1, 2, 3)",0,True,Generate Lowest Energy,0
18,True,10.0,ISUPOQIC,C19H27N7O1Pd1S1,optimized,"('unq_CSD-BEPNOZ-03-a', 'unq_CSD-KESLIG-02-a', 'unq_CSD-ZOMHAN-01-b')","('C11H11N1O1S1', 'C1H6N4', 'C7H10N2')","(-2.0, 0.0, 0.0)",0,Octahedral_Pd(II),Pd,+2,0,"(3, 2, 1)","(1, 2, 3)",0,True,Generate Lowest Energy,0
19,True,11.0,OYIXOLEZ,C31H31N5O3Pd1,optimized,"('unq_CSD-COSALA01-03-a', 'unq_CSD-KICPAO-02-a', 'unq_CSD-GIBWEU-01-b')","('C14H12N1O2', 'C13H11N2O1', 'C4H8N2')","(-1.0, -1.0, 0.0)",0,Octahedral_Pd(II),Pd,+2,0,"(3, 2, 1)","(1, 2, 3)",0,True,Generate Lowest Energy,0
20,False,,,C24H27N9O1Pd1S1,non-planar tridentate,"('unq_CSD-SUXZUI-03-a', 'unq_CSD-POHLON-02-a', 'unq_CSD-LUZPOO-01-b')","('C10H11N3O1S1', 'C10H6N4', 'C4H10N2')","(-2.0, 0.0, 0.0)",0,Octahedral_Pd(II),Pd,+2,0,"(3, 2, 1)","(1, 2, 3)",0,True,Generate Lowest Energy,0
21,False,,,C33H33N9O3Pd1,clashing ligands,"('unq_CSD-FULMEG-03-a', 'unq_CSD-ZERHAH-02-a', 'unq_CSD-LIVBEA-01-c')","('C13H11N3O1', 'C11H12N4O2', 'C9H10N2')","(-2.0, 0.0, 0.0)",0,Octahedral_Pd(II),Pd,+2,0,"(3, 2, 1)","(1, 2, 3)",0,True,Generate Lowest Energy,0
22,False,,,C27H26N4O2Pd1,clashing ligands,"('unq_CSD-UPILAJ-03-a', 'unq_CSD-OZOVUX-02-a', 'unq_CSD-POWFEN-01-c')","('C7H13', 'C7H4N3O2', 'C13H9N1')","(-1.0, -1.0, 0.0)",0,Octahedral_Pd(II),Pd,+2,0,"(3, 2, 1)","(1, 2, 3)",0,True,Generate Lowest Energy,0
23,False,,,C27H31N9Pd1,clashing ligands,"('unq_CSD-PAYSUD-03-a', 'unq_CSD-COBLOX-02-a', 'unq_CSD-MUWCAI-01-a')","('C10H9', 'C12H10N5', 'C5H12N4')","(-1.0, -1.0, 0.0)",0,Octahedral_Pd(II),Pd,+2,0,"(3, 2, 1)","(1, 2, 3)",0,True,Generate Lowest Energy,0
24,False,,,C24H20N8O1Pd1S4,clashing ligands,"('unq_CSD-LIVMUZ-03-a', 'unq_CSD-PUPDAF-02-a', 'unq_CSD-POFJUP-01-d')","('C10H8N3O1S2', 'N3S2', 'C14H12N2')","(-1.0, -1.0, 0.0)",0,Octahedral_Pd(II),Pd,+2,0,"(3, 2, 1)","(1, 2, 3)",0,True,Generate Lowest Energy,0
25,True,12.0,ECABAVEN,C33H32N10O4Pd1,optimized,"('unq_CSD-TOGROW-03-b', 'unq_CSD-ZERHAH-02-a', 'unq_CSD-QEKBAM-01-d')","('C12H12N2O2', 'C11H12N4O2', 'C10H8N4')","(-2.0, 0.0, 0.0)",0,Octahedral_Pd(II),Pd,+2,0,"(3, 2, 1)","(1, 2, 3)",0,True,Generate Lowest Energy,0
26,True,13.0,VAXAPONI,C21H17N7Pd1S1,optimized,"('unq_CSD-LAYYIV-03-a', 'unq_CSD-PAWTIR-02-a', 'unq_CSD-PICNCO-01-a')","('C6H6N4S1', 'C8H6N2', 'C7H5N1')","(-2.0, 0.0, 0.0)",0,Octahedral_Pd(II),Pd,+2,0,"(3, 2, 1)","(1, 2, 3)",0,True,Generate Lowest Energy,0
27,True,14.0,OWOXEVAJ,C21H23N7Pd1S3,optimized,"('unq_CSD-LAYYIV-03-a', 'unq_CSD-BUSYOE-02-a', 'unq_CSD-TEFNOJ-01-a')","('C6H6N4S1', 'C6H4N2S2', 'C9H13N1')","(-2.0, 0.0, 0.0)",0,Octahedral_Pd(II),Pd,+2,0,"(3, 2, 1)","(1, 2, 3)",0,True,Generate Lowest Energy,0
28,True,15.0,YEZIFARE,C24H34N10O1Pd1,optimized,"('unq_CSD-FULMEG-03-a', 'unq_CSD-LICBEH-02-a', 'unq_CSD-SOQYIJ-01-b')","('C13H11N3O1', 'C4H11N5', 'C7H12N2')","(-2.0, 0.0, 0.0)",0,Octahedral_Pd(II),Pd,+2,0,"(3, 2, 1)","(1, 2, 3)",0,True,Generate Lowest Energy,0
29,True,16.0,USECIXOM,C30H33N7O1Pd1S1,optimized,"('unq_CSD-BICQAI-03-a', 'unq_CSD-CEBPUX-02-a', 'unq_CSD-PAXTIU-01-b')","('C11H13N3O1S1', 'C13H12N2', 'C6H8N2')","(-2.0, 0.0, 0.0)",0,Octahedral_Pd(II),Pd,+2,0,"(3, 2, 1)","(1, 2, 3)",0,True,Generate Lowest Energy,0
30,True,17.0,TUGICARA,C33H31N9Pd1,optimized,"('unq_CSD-FUZSOK-03-a', 'unq_CSD-UJUGIP-02-a', 'unq_CSD-PAZJIK-01-b')","('C12H10N4', 'C12H11N3', 'C9H10N2')","(-2.0, 0.0, 0.0)",0,Octahedral_Pd(II),Pd,+2,0,"(3, 2, 1)","(1, 2, 3)",0,True,Generate Lowest Energy,0
31,False,,,C23H26N6Pd1,clashing ligands,"('unq_CSD-WARSIV-03-a', 'unq_CSD-KUXYUX-02-a', 'unq_CSD-AYIQOP-01-a')","('C11H9', 'C6H7N4', 'C6H10N2')","(-1.0, -1.0, 0.0)",0,Octahedral_Pd(II),Pd,+2,0,"(3, 2, 1)","(1, 2, 3)",0,True,Generate Lowest Energy,0
32,False,,,C29H34N8O3Pd1S1,non-planar tridentate,"('unq_CSD-BOVPUY-03-a', 'unq_CSD-QIWWOI-02-a', 'unq_CSD-JUDBOC-01-c')","('C8H11N2O3S1', 'C11H9N2', 'C10H14N4')","(-1.0, -1.0, 0.0)",0,Octahedral_Pd(II),Pd,+2,0,"(3, 2, 1)","(1, 2, 3)",0,True,Generate Lowest Energy,0
33,True,18.0,ACEYIBIF,C32H31N7Pd1,optimized,"('unq_CSD-UDIKEY-03-a', 'unq_CSD-YEHMAZ-02-a', 'unq_CSD-KEVTUD-01-a')","('C14H10N3', 'C7H9N2', 'C11H12N2')","(-1.0, -1.0, 0.0)",0,Octahedral_Pd(II),Pd,+2,0,"(3, 2, 1)","(1, 2, 3)",0,True,Generate Lowest Energy,0
34,False,,,C20H24N4O2Pd1,clashing ligands,"('unq_CSD-NAZJED-03-a', 'unq_CSD-ZEHYES-02-a', 'unq_CSD-BEWFUH-01-c')","('C5H9O2', 'H3N2', 'C15H12N2')","(-1.0, -1.0, 0.0)",0,Octahedral_Pd(II),Pd,+2,0,"(3, 2, 1)","(1, 2, 3)",0,True,Generate Lowest Energy,0
35,True,19.0,ANOZUSUL,C27H29N5O1Pd1S2,optimized,"('unq_CSD-MOXWEE-03-a', 'unq_CSD-TOTBEL-02-a', 'unq_CSD-TEFNOJ-01-a')","('C13H9N1S1', 'C5H7N3O1S1', 'C9H13N1')","(-2.0, 0.0, 0.0)",0,Octahedral_Pd(II),Pd,+2,0,"(3, 2, 1)","(1, 2, 3)",0,True,Generate Lowest Energy,0
36,False,,,C18H31N5O3Pd1,clashing ligands,"('unq_CSD-PADSES-03-a', 'unq_CSD-NOJKUS-02-a', 'unq_CSD-ZOMHAN-01-b')","('C7H14N1', 'C4H7N2O3', 'C7H10N2')","(-1.0, -1.0, 0.0)",0,Octahedral_Pd(II),Pd,+2,0,"(3, 2, 1)","(1, 2, 3)",0,True,Generate Lowest Energy,0
37,False,,,C34H28N4Pd1S2,non-planar tridentate,"('unq_CSD-ZIWLOG-03-a', 'unq_CSD-PINTUD-02-a', 'unq_CSD-CAGHUR-01-a')","('C13H11N1S2', 'C14H12N2', 'C7H5N1')","(-2.0, 0.0, 0.0)",0,Octahedral_Pd(II),Pd,+2,0,"(3, 2, 1)","(1, 2, 3)",0,True,Generate Lowest Energy,0
38,True,20.0,IMADATEP,C27H37N7O1Pd1S1,optimized,"('unq_CSD-ROBPUT-03-a', 'unq_CSD-PIJCAN-02-b', 'unq_CSD-PAQXUD-01-d')","('C8H12N4O1S1', 'C10H16N2', 'C9H9N1')","(-2.0, 0.0, 0.0)",0,Octahedral_Pd(II),Pd,+2,0,"(3, 2, 1)","(1, 2, 3)",0,True,Generate Lowest Energy,0
39,True,21.0,WIPUYENA,C19H29N7O4Pd1S1,optimized,"('unq_CSD-MIDLAP-03-a', 'unq_CSD-CIJBOO-02-a', 'unq_CSD-PAHJIT-01-b')","('C10H13N2O1S1', 'C5H5N4O3', 'C4H11N1')","(-1.0, -1.0, 0.0)",0,Octahedral_Pd(II),Pd,+2,0,"(3, 2, 1)","(1, 2, 3)",0,True,Generate Lowest Energy,0
40,True,22.0,ROMITEZA,C24H34N10O1Pd1,optimized,"('unq_CSD-VOXPOQ-03-a', 'unq_CSD-TOFXUK-02-a', 'unq_CSD-YURYIU-01-b')","('C7H11N4O1', 'C10H11N4', 'C7H12N2')","(-1.0, -1.0, 0.0)",0,Octahedral_Pd(II),Pd,+2,0,"(3, 2, 1)","(1, 2, 3)",0,True,Generate Lowest Energy,0
41,True,23.0,EVUDEPEG,C28H36N8O1Pd1S1,optimized,"('unq_CSD-LILBOY-03-a', 'unq_CSD-ZEFPIN-02-a', 'unq_CSD-GEFNEN-01-a')","('C13H11N4S1', 'C5H11N2O1', 'C10H14N2')","(-1.0, -1.0, 0.0)",0,Octahedral_Pd(II),Pd,+2,0,"(3, 2, 1)","(1, 2, 3)",0,True,Generate Lowest Energy,0
42,True,24.0,TARUMIME,C28H31N7O2Pd1,optimized,"('unq_CSD-MONNIN-03-a', 'unq_CSD-LUMSIW-02-a', 'unq_CSD-SUTWAH-01-f')","('C11H9N3O2', 'C10H16N2', 'C7H6N2')","(-2.0, 0.0, 0.0)",0,Octahedral_Pd(II),Pd,+2,0,"(3, 2, 1)","(1, 2, 3)",0,True,Generate Lowest Energy,0
43,True,25.0,FIYAQAZU,C34H36N6O3Pd1,optimized,"('unq_CSD-GUQPOX-03-a', 'unq_CSD-SUGROC-02-a', 'unq_CSD-PAZJIK-01-b')","('C11H14N1O3', 'C14H12N3', 'C9H10N2')","(-1.0, -1.0, 0.0)",0,Octahedral_Pd(II),Pd,+2,0,"(3, 2, 1)","(1, 2, 3)",0,True,Generate Lowest Energy,0
44,False,,,C28H28N10O1Pd1,clashing ligands,"('unq_CSD-MOYBUZ-03-a', 'unq_CSD-QENXOX-02-a', 'unq_CSD-LOFTOS-01-b')","('C12H12N3O1', 'C8H8N5', 'C8H8N2')","(-1.0, -1.0, 0.0)",0,Octahedral_Pd(II),Pd,+2,0,"(3, 2, 1)","(1, 2, 3)",0,True,Generate Lowest Energy,0
45,False,,,C23H25N5O1Pd1,clashing ligands,"('unq_CSD-AYAGEM-03-a', 'unq_CSD-TAPDOE-02-a', 'unq_CSD-LOTMOW-01-b')","('C11H11', 'C7H7N2O1', 'C5H7N3')","(-1.0, -1.0, 0.0)",0,Octahedral_Pd(II),Pd,+2,0,"(3, 2, 1)","(1, 2, 3)",0,True,Generate Lowest Energy,0
46,True,26.0,RUPAVIMA,C24H34N8O1Pd1S1,optimized,"('unq_CSD-DIZYAN-03-a', 'unq_CSD-PAKCUA-02-a', 'unq_CSD-PAHKEQ-01-b')","('C9H9N3S1', 'C9H10N4O1', 'C6H15N1')","(-2.0, 0.0, 0.0)",0,Octahedral_Pd(II),Pd,+2,0,"(3, 2, 1)","(1, 2, 3)",0,True,Generate Lowest Energy,0
47,False,,,C33H37N9O1Pd1S1,non-planar tridentate,"('unq_CSD-PIDFOZ-03-a', 'unq_CSD-TIBFIW-02-a', 'unq_CSD-ECEXIU-01-a')","('C10H11N3O1S1', 'C13H10N4', 'C10H16N2')","(-2.0, 0.0, 0.0)",0,Octahedral_Pd(II),Pd,+2,0,"(3, 2, 1)","(1, 2, 3)",0,True,Generate Lowest Energy,0
48,False,,,C17H38N6O5Pd1S1,non-planar tridentate,"('unq_CSD-YITGUG-03-a', 'unq_CSD-SESNEL-02-a', 'unq_CSD-LOQWUJ-01-a')","('C6H14N1O5S1', 'C8H17N4', 'C3H7N1')","(-1.0, -1.0, 0.0)",0,Octahedral_Pd(II),Pd,+2,0,"(3, 2, 1)","(1, 2, 3)",0,True,Generate Lowest Energy,0
49,True,27.0,OQEMUXAN,C20H30N6O1Pd1,optimized,"('unq_CSD-ENAKOW-03-a', 'unq_CSD-COYHUU-02-c', 'unq_CSD-SERJUU-01-c')","('C12H9N3O1', 'C5H14N2', 'C3H7N1')","(-2.0, 0.0, 0.0)",0,Octahedral_Pd(II),Pd,+2,0,"(3, 2, 1)","(1, 2, 3)",0,True,Generate Lowest Energy,0
50,False,,,C17H18N6Pd1,clashing ligands,"('unq_CSD-JUBWEI-03-a', 'unq_CSD-FUYKUG-02-a', 'unq_CSD-PAXTIU-01-b')","('C4H5', 'C7H5N4', 'C6H8N2')","(-1.0, -1.0, 0.0)",0,Octahedral_Pd(II),Pd,+2,0,"(3, 2, 1)","(1, 2, 3)",0,True,Generate Lowest Energy,0
51,False,,,C22H34N4O2Pd1,clashing ligands,"('unq_CSD-YIGVOZ-03-a', 'unq_CSD-XAQYET-02-a', 'unq_CSD-IRUPIU-01-a')","('C6H9', 'C8H15N2O2', 'C8H10N2')","(-1.0, -1.0, 0.0)",0,Octahedral_Pd(II),Pd,+2,0,"(3, 2, 1)","(1, 2, 3)",0,True,Generate Lowest Energy,0
52,False,,,C28H23N7O1Pd1,clashing ligands,"('unq_CSD-HIKLIX-03-a', 'unq_CSD-KELYIL-02-a', 'unq_CSD-BOHSUP-01-a')","('C13H9N1O1', 'C13H10N2', 'C2H4N4')","(-2.0, 0.0, 0.0)",0,Octahedral_Pd(II),Pd,+2,0,"(3, 2, 1)","(1, 2, 3)",0,True,Generate Lowest Energy,0
53,True,28.0,OGIBUKUP,C27H33N7O3Pd1S1,optimized,"('unq_CSD-ZESKIU-03-a', 'unq_CSD-CIBKOP-02-a', 'unq_CSD-IXIDOI-01-b')","('C11H14N2O1S1', 'C10H8N2O2', 'C6H11N3')","(-2.0, 0.0, 0.0)",0,Octahedral_Pd(II),Pd,+2,0,"(3, 2, 1)","(1, 2, 3)",0,True,Generate Lowest Energy,0
54,False,,,C30H36N8O4Pd1,clashing ligands,"('unq_CSD-DADZUG-03-a', 'unq_CSD-LOGRUV-02-a', 'unq_CSD-TOCHEY-01-d')","('C10H10N4O2', 'C6H16N2O2', 'C14H10N2')","(-2.0, 0.0, 0.0)",0,Octahedral_Pd(II),Pd,+2,0,"(3, 2, 1)","(1, 2, 3)",0,True,Generate Lowest Energy,0
55,True,29.0,OREWAQUV,C27H23N9O6Pd1,optimized,"('unq_CSD-EWIXEP02-03-a', 'unq_CSD-CIWDIV10-02-a', 'unq_CSD-PAVZOE-01-b')","('C12H8N5O2', 'C10H7N2O4', 'C5H8N2')","(-1.0, -1.0, 0.0)",0,Octahedral_Pd(II),Pd,+2,0,"(3, 2, 1)","(1, 2, 3)",0,True,Generate Lowest Energy,0
56,True,30.0,LEMOHEKU,C27H28N8Pd1S1,optimized,"('unq_CSD-NERXAL-03-a', 'unq_CSD-YEQSIX-02-a', 'unq_CSD-LOQWUJ-01-a')","('C14H11N3S1', 'C10H10N4', 'C3H7N1')","(-2.0, 0.0, 0.0)",0,Octahedral_Pd(II),Pd,+2,0,"(3, 2, 1)","(1, 2, 3)",0,True,Generate Lowest Energy,0
57,False,,,C27H40N4Pd1,non-planar tridentate,"('unq_CSD-UHOGAA-03-a', 'unq_CSD-PERWUG-02-b', 'unq_CSD-SUVCOB-01-d')","('C11H17', 'C11H11N2', 'C5H12N2')","(-1.0, -1.0, 0.0)",0,Octahedral_Pd(II),Pd,+2,0,"(3, 2, 1)","(1, 2, 3)",0,True,Generate Lowest Energy,0
58,True,31.0,DOWAPEXE,C31H29N7O3Pd1,optimized,"('unq_CSD-BEBWOW-03-a', 'unq_CSD-PUGGEF-02-c', 'unq_CSD-MIZDOO-01-a')","('C14H10N2O3', 'C13H10N4', 'C4H9N1')","(-2.0, 0.0, 0.0)",0,Octahedral_Pd(II),Pd,+2,0,"(3, 2, 1)","(1, 2, 3)",0,True,Generate Lowest Energy,0
59,False,,,C33H37N7O2Pd1S1,non-planar tridentate,"('unq_CSD-USOQUQ-03-a', 'unq_CSD-PAGXAW-02-a', 'unq_CSD-PIFTOP-01-a')","('C10H9N3O2S1', 'C14H12N2', 'C9H16N2')","(-2.0, 0.0, 0.0)",0,Octahedral_Pd(II),Pd,+2,0,"(3, 2, 1)","(1, 2, 3)",0,True,Generate Lowest Energy,0
60,True,32.0,CIREYETU,C24H26N10O1Pd1S1,optimized,"('unq_CSD-ROBPUT-03-a', 'unq_CSD-SOSGEN04-02-a', 'unq_CSD-PIDPOJ-01-a')","('C8H12N4O1S1', 'C11H8N4', 'C5H6N2')","(-2.0, 0.0, 0.0)",0,Octahedral_Pd(II),Pd,+2,0,"(3, 2, 1)","(1, 2, 3)",0,True,Generate Lowest Energy,0
61,False,,,C27H31N7O4Pd1,non-planar tridentate,"('unq_CSD-CENYOJ-03-a', 'unq_CSD-POCXUC-02-a', 'unq_CSD-JIZVOG-01-a')","('C5H15N3', 'C12H6N2O4', 'C10H10N2')","(0.0, -2.0, 0.0)",0,Octahedral_Pd(II),Pd,+2,0,"(3, 2, 1)","(1, 2, 3)",0,True,Generate Lowest Energy,0
62,False,,,C33H34N4O2Pd1,clashing ligands,"('unq_CSD-PAYSUD-03-a', 'unq_CSD-GIVYIV-02-a', 'unq_CSD-UJICOH-01-d')","('C10H9', 'C10H11N2O2', 'C13H14N2')","(-1.0, -1.0, 0.0)",0,Octahedral_Pd(II),Pd,+2,0,"(3, 2, 1)","(1, 2, 3)",0,True,Generate Lowest Energy,0
63,False,,,C32H31N7Pd1,clashing ligands,"('unq_CSD-FAWSEB-03-a', 'unq_CSD-COBLOX-02-a', 'unq_CSD-QULGOW-01-b')","('C6H9', 'C12H10N5', 'C14H12N2')","(-1.0, -1.0, 0.0)",0,Octahedral_Pd(II),Pd,+2,0,"(3, 2, 1)","(1, 2, 3)",0,True,Generate Lowest Energy,0
64,False,,,C31H31N7Pd1S1,clashing ligands,"('unq_CSD-NERXAL-03-a', 'unq_CSD-SIMFAX-02-a', 'unq_CSD-PAVZOE-01-b')","('C14H11N3S1', 'C12H12N2', 'C5H8N2')","(-2.0, 0.0, 0.0)",0,Octahedral_Pd(II),Pd,+2,0,"(3, 2, 1)","(1, 2, 3)",0,True,Generate Lowest Energy,0
65,False,,,C28H34N4Pd1,clashing ligands,"('unq_CSD-SUJCIL-03-a', 'unq_CSD-BUXSES-02-a', 'unq_CSD-CUMMOP-01-b')","('C11H15', 'C5H11N2', 'C12H8N2')","(-1.0, -1.0, 0.0)",0,Octahedral_Pd(II),Pd,+2,0,"(3, 2, 1)","(1, 2, 3)",0,True,Generate Lowest Energy,0
66,True,33.0,WOHOCAXO,C26H31N7O2Pd1S1,optimized,"('unq_CSD-CAGBAQ-03-a', 'unq_CSD-UHUPUI-02-a', 'unq_CSD-PAZJIK-01-b')","('C10H11N3O2S1', 'C7H10N2', 'C9H10N2')","(-2.0, 0.0, 0.0)",0,Octahedral_Pd(II),Pd,+2,0,"(3, 2, 1)","(1, 2, 3)",0,True,Generate Lowest Energy,0
67,False,,,C34H33N7O3Pd1S1,clashing ligands,"('unq_CSD-FUHHAT-03-a', 'unq_CSD-JIYBID-02-a', 'unq_CSD-MPPNCU01-01-b')","('C11H11N3O1S1', 'C12H10N2O2', 'C11H12N2')","(-2.0, 0.0, 0.0)",0,Octahedral_Pd(II),Pd,+2,0,"(3, 2, 1)","(1, 2, 3)",0,True,Generate Lowest Energy,0
68,True,34.0,AJEKITEM,C27H32N6O4Pd1,optimized,"('unq_CSD-RISCII-03-a', 'unq_CSD-GIVYIV-02-a', 'unq_CSD-PALZOS-01-a')","('C9H10N3O2', 'C10H11N2O2', 'C8H11N1')","(-1.0, -1.0, 0.0)",0,Octahedral_Pd(II),Pd,+2,0,"(3, 2, 1)","(1, 2, 3)",0,True,Generate Lowest Energy,0
69,False,,,C18H28N4O1Pd1,clashing ligands,"('unq_CSD-FEZBIV-03-a', 'unq_CSD-EPEBUX-02-a', 'unq_CSD-FURREP-01-d')","('C3H5', 'C5H11N2O1', 'C10H12N2')","(-1.0, -1.0, 0.0)",0,Octahedral_Pd(II),Pd,+2,0,"(3, 2, 1)","(1, 2, 3)",0,True,Generate Lowest Energy,0
70,True,35.0,DAKIZISE,C24H28N8O2Pd1S3,optimized,"('unq_CSD-JITCIY-03-a', 'unq_CSD-OZOWAE-02-a', 'unq_CSD-PIFTOP-01-a')","('C8H8N3O1S2', 'C7H4N3O1S1', 'C9H16N2')","(-1.0, -1.0, 0.0)",0,Octahedral_Pd(II),Pd,+2,0,"(3, 2, 1)","(1, 2, 3)",0,True,Generate Lowest Energy,0
71,True,36.0,FOWAGEDI,C23H32N4O2Pd1,optimized,"('unq_CSD-SUVYOA-03-a', 'unq_CSD-VAMBOE-02-a', 'unq_CSD-KIVKUX-01-a')","('C8H14N1O2', 'C10H9N2', 'C5H9N1')","(-1.0, -1.0, 0.0)",0,Octahedral_Pd(II),Pd,+2,0,"(3, 2, 1)","(1, 2, 3)",0,True,Generate Lowest Energy,0
72,False,,,C28H34N8O2Pd1,non-planar tridentate,"('unq_CSD-APACIE-03-b', 'unq_CSD-FUYJIV-02-a', 'unq_CSD-YURYIU-01-b')","('C12H9N1O2', 'C9H13N5', 'C7H12N2')","(-2.0, 0.0, 0.0)",0,Octahedral_Pd(II),Pd,+2,0,"(3, 2, 1)","(1, 2, 3)",0,True,Generate Lowest Energy,0
73,False,,,C26H32N6O3Pd1,non-planar tridentate,"('unq_CSD-MUYWEL-03-a', 'unq_CSD-VEYDOT-02-a', 'unq_CSD-PATPOS-01-a')","('C12H8N2O2', 'C10H13N3O1', 'C4H11N1')","(-2.0, 0.0, 0.0)",0,Octahedral_Pd(II),Pd,+2,0,"(3, 2, 1)","(1, 2, 3)",0,True,Generate Lowest Energy,0
74,False,,,C26H25N7O3Pd1S1,non-planar tridentate,"('unq_CSD-USOQUQ-03-a', 'unq_CSD-YERQAO-02-a', 'unq_CSD-LIRYOD-01-a')","('C10H9N3O2S1', 'C12H12N2O1', 'C4H4N2')","(-2.0, 0.0, 0.0)",0,Octahedral_Pd(II),Pd,+2,0,"(3, 2, 1)","(1, 2, 3)",0,True,Generate Lowest Energy,0
75,False,,,C21H24N4O8Pd1,non-planar tridentate,"('unq_CSD-LOQXAQ-03-a', 'unq_CSD-BCDPDQ01-02-a', 'unq_CSD-SOFXAM-01-c')","('C9H11O6', 'C6H5N2O2', 'C6H8N2')","(-1.0, -1.0, 0.0)",0,Octahedral_Pd(II),Pd,+2,0,"(3, 2, 1)","(1, 2, 3)",0,True,Generate Lowest Energy,0
76,False,,,C31H28N4Pd1,clashing ligands,"('unq_CSD-PUKNAN-03-a', 'unq_CSD-QIWWOI-02-a', 'unq_CSD-LIVBEA-01-c')","('C11H9', 'C11H9N2', 'C9H10N2')","(-1.0, -1.0, 0.0)",0,Octahedral_Pd(II),Pd,+2,0,"(3, 2, 1)","(1, 2, 3)",0,True,Generate Lowest Energy,0
77,False,,,C19H18N4Pd1,clashing ligands,"('unq_CSD-JUBWEI-03-a', 'unq_CSD-QIWWOI-02-a', 'unq_CSD-PIKCOC-01-f')","('C4H5', 'C11H9N2', 'C4H4N2')","(-1.0, -1.0, 0.0)",0,Octahedral_Pd(II),Pd,+2,0,"(3, 2, 1)","(1, 2, 3)",0,True,Generate Lowest Energy,0
78,True,37.0,HUGORADE,C27H24N12Pd1,optimized,"('unq_CSD-FUZSOK-03-a', 'unq_CSD-PAKFOX-02-a', 'unq_CSD-LAZGEZ-01-c')","('C12H10N4', 'C10H10N6', 'C5H4N2')","(-2.0, 0.0, 0.0)",0,Octahedral_Pd(II),Pd,+2,0,"(3, 2, 1)","(1, 2, 3)",0,True,Generate Lowest Energy,0
79,True,38.0,IYEHUNUB,C38H29N5O4Pd1S1,optimized,"('unq_CSD-LUBRAB-03-a', 'unq_CSD-MARTUW-02-a', 'unq_CSD-XUBNIS-01-d')","('C12H9N2O1', 'C12H9N2O3S1', 'C14H11N1')","(-1.0, -1.0, 0.0)",0,Octahedral_Pd(II),Pd,+2,0,"(3, 2, 1)","(1, 2, 3)",0,True,Generate Lowest Energy,0
80,True,39.0,KUPUSUDE,C22H28N8O1Pd1S2,optimized,"('unq_CSD-NIPMOO-03-a', 'unq_CSD-EHOWOP-02-a', 'unq_CSD-BOGXUS-01-a')","('C9H10N3S2', 'C3H7N4O1', 'C10H11N1')","(-1.0, -1.0, 0.0)",0,Octahedral_Pd(II),Pd,+2,0,"(3, 2, 1)","(1, 2, 3)",0,True,Generate Lowest Energy,0
81,True,40.0,IYIZUMOV,C28H32N10O1Pd1S1,optimized,"('unq_CSD-LUSLER-03-a', 'unq_CSD-PUGGEF-02-c', 'unq_CSD-HOJROO-01-c')","('C9H9N3O1S1', 'C13H10N4', 'C6H13N3')","(-2.0, 0.0, 0.0)",0,Octahedral_Pd(II),Pd,+2,0,"(3, 2, 1)","(1, 2, 3)",0,True,Generate Lowest Energy,0
82,False,,,C21H23N7O4Pd1,non-planar tridentate,"('unq_CSD-BPYKTB11-03-a', 'unq_CSD-BUKCAM-02-a', 'unq_CSD-AJEBAS-01-d')","('C11H10N2O2', 'C3H1N3O2', 'C7H12N2')","(0.0, -2.0, 0.0)",0,Octahedral_Pd(II),Pd,+2,0,"(3, 2, 1)","(1, 2, 3)",0,True,Generate Lowest Energy,0
83,False,,,C28H36N4O3Pd1,clashing ligands,"('unq_CSD-WOGXAR-03-a', 'unq_CSD-QEQRAF-02-a', 'unq_CSD-TOCHEY-01-d')","('C8H13O2', 'C6H13N2O1', 'C14H10N2')","(-1.0, -1.0, 0.0)",0,Octahedral_Pd(II),Pd,+2,0,"(3, 2, 1)","(1, 2, 3)",0,True,Generate Lowest Energy,0
84,False,,,C28H35N9O1Pd1S1,clashing ligands,"('unq_CSD-LUSLER-03-a', 'unq_CSD-FUYJIV-02-a', 'unq_CSD-RIVMUE-01-c')","('C9H9N3O1S1', 'C9H13N5', 'C10H13N1')","(-2.0, 0.0, 0.0)",0,Octahedral_Pd(II),Pd,+2,0,"(3, 2, 1)","(1, 2, 3)",0,True,Generate Lowest Energy,0
85,False,,,C28H31N9O3Pd1,clashing ligands,"('unq_CSD-JUSXED-03-a', 'unq_CSD-VEWZUT-02-a', 'unq_CSD-SUFZAU-01-a')","('C13H11N3O1', 'C8H12N2O2', 'C7H8N4')","(-2.0, 0.0, 0.0)",0,Octahedral_Pd(II),Pd,+2,0,"(3, 2, 1)","(1, 2, 3)",0,True,Generate Lowest Energy,0
86,False,,,C25H33N7O2Pd1,clashing ligands,"('unq_CSD-IREHAO-03-a', 'unq_CSD-LACQOW-02-a', 'unq_CSD-UCEYEK-01-a')","('C9H10N3O2', 'C3H9N2', 'C13H14N2')","(-1.0, -1.0, 0.0)",0,Octahedral_Pd(II),Pd,+2,0,"(3, 2, 1)","(1, 2, 3)",0,True,Generate Lowest Energy,0
87,True,41.0,OXEKODAG,C31H30N8O3Pd1,optimized,"('unq_CSD-CAPHUW-03-a', 'unq_CSD-BAJPOS-02-b', 'unq_CSD-BEWFUH-01-c')","('C12H10N3O1', 'C4H8N3O2', 'C15H12N2')","(-1.0, -1.0, 0.0)",0,Octahedral_Pd(II),Pd,+2,0,"(3, 2, 1)","(1, 2, 3)",0,True,Generate Lowest Energy,0
88,False,,,C23H37N5O3Pd1,clashing ligands,"('unq_CSD-NOYREA-03-a', 'unq_CSD-MELDIT-02-a', 'unq_CSD-ZOBHOP-01-a')","('C8H11O1', 'C7H14N3O2', 'C8H12N2')","(-1.0, -1.0, 0.0)",0,Octahedral_Pd(II),Pd,+2,0,"(3, 2, 1)","(1, 2, 3)",0,True,Generate Lowest Energy,0
89,False,,,C27H42N6O2Pd1,clashing ligands,"('unq_CSD-LURVOL-03-a', 'unq_CSD-VEXXIH-02-a', 'unq_CSD-PUMYAX-01-c')","('C10H12N2O2', 'C10H16N2', 'C7H14N2')","(-2.0, 0.0, 0.0)",0,Octahedral_Pd(II),Pd,+2,0,"(3, 2, 1)","(1, 2, 3)",0,True,Generate Lowest Energy,0
90,True,42.0,PEYAQOGI,C33H36N6O1Pd1S1,optimized,"('unq_CSD-POQSAP-03-a', 'unq_CSD-GARGIS-02-a', 'unq_CSD-IRUPIU-01-a')","('C12H12N2O1S1', 'C13H14N2', 'C8H10N2')","(-2.0, 0.0, 0.0)",0,Octahedral_Pd(II),Pd,+2,0,"(3, 2, 1)","(1, 2, 3)",0,True,Generate Lowest Energy,0
91,False,,,C33H33N3O4Pd1,clashing ligands,"('unq_CSD-YIGVIT-03-a', 'unq_CSD-CIWDIV10-02-a', 'unq_CSD-CADGIA-01-a')","('C10H15', 'C10H7N2O4', 'C13H11N1')","(-1.0, -1.0, 0.0)",0,Octahedral_Pd(II),Pd,+2,0,"(3, 2, 1)","(1, 2, 3)",0,True,Generate Lowest Energy,0
92,False,,,C24H28N4O1Pd1,clashing ligands,"('unq_CSD-YIGVOZ-03-a', 'unq_CSD-KAJMEP-02-a', 'unq_CSD-RUZGAW-01-b')","('C6H9', 'C9H6N3O1', 'C9H13N1')","(-1.0, -1.0, 0.0)",0,Octahedral_Pd(II),Pd,+2,0,"(3, 2, 1)","(1, 2, 3)",0,True,Generate Lowest Energy,0
93,False,,,C20H36N8O1Pd1S1,clashing ligands,"('unq_CSD-ROBPUT-03-a', 'unq_CSD-CEFBEU-02-a', 'unq_CSD-PEQXOZ-01-b')","('C8H12N4O1S1', 'C6H16N2', 'C6H8N2')","(-2.0, 0.0, 0.0)",0,Octahedral_Pd(II),Pd,+2,0,"(3, 2, 1)","(1, 2, 3)",0,True,Generate Lowest Energy,0
94,False,,,C32H37N9Pd1S1,clashing ligands,"('unq_CSD-LUSLIV-03-a', 'unq_CSD-POZPAX-02-a', 'unq_CSD-MOWDOS-01-d')","('C9H11N4S1', 'C14H10N3', 'C9H16N2')","(-1.0, -1.0, 0.0)",0,Octahedral_Pd(II),Pd,+2,0,"(3, 2, 1)","(1, 2, 3)",0,True,Generate Lowest Energy,0
95,True,43.0,BOCOWUFA,C26H37N7O2Pd1S1,optimized,"('unq_CSD-LAYYIV-03-a', 'unq_CSD-POJDUQ-02-a', 'unq_CSD-JOXSAT-01-b')","('C6H6N4S1', 'C12H12N2O2', 'C8H19N1')","(-2.0, 0.0, 0.0)",0,Octahedral_Pd(II),Pd,+2,0,"(3, 2, 1)","(1, 2, 3)",0,True,Generate Lowest Energy,0
96,False,,,C21H31N5Pd1,clashing ligands,"('unq_CSD-TIPXAS-03-a', 'unq_CSD-TOFYAR-02-a', 'unq_CSD-PAZMUY-01-a')","('C7H11', 'C9H9N4', 'C5H11N1')","(-1.0, -1.0, 0.0)",0,Octahedral_Pd(II),Pd,+2,0,"(3, 2, 1)","(1, 2, 3)",0,True,Generate Lowest Energy,0
97,True,44.0,TOTINEVO,C30H35N11O1Pd1S2,optimized,"('unq_CSD-QEHPAX-03-a', 'unq_CSD-IYEJIG-02-a', 'unq_CSD-HOJROO-01-c')","('C12H11N4S2', 'C12H11N4O1', 'C6H13N3')","(-1.0, -1.0, 0.0)",0,Octahedral_Pd(II),Pd,+2,0,"(3, 2, 1)","(1, 2, 3)",0,True,Generate Lowest Energy,0
98,False,,,C29H23N9O1Pd1S2,clashing ligands,"('unq_CSD-FULMEG-03-a', 'unq_CSD-PAXFIG-02-a', 'unq_CSD-QEKBAM-01-d')","('C13H11N3O1', 'C6H4N2S2', 'C10H8N4')","(-2.0, 0.0, 0.0)",0,Octahedral_Pd(II),Pd,+2,0,"(3, 2, 1)","(1, 2, 3)",0,True,Generate Lowest Energy,0
99,True,45.0,UFALIXUL,C27H31N7O1Pd1S1,optimized,"('unq_CSD-XEJXOB-03-a', 'unq_CSD-KESLIG-02-a', 'unq_CSD-SOKLIO-01-b')","('C14H11N1O1S1', 'C1H6N4', 'C12H14N2')","(-2.0, 0.0, 0.0)",0,Octahedral_Pd(II),Pd,+2,0,"(3, 2, 1)","(1, 2, 3)",0,True,Generate Lowest Energy,0
100,True,46.0,SUVALIPE,C31H37N5O4Pd1S1,optimized,"('unq_CSD-KETVEL-03-a', 'unq_CSD-MARTUW-02-a', 'unq_CSD-DANBAX-01-c')","('C9H11N2O1', 'C12H9N2O3S1', 'C10H17N1')","(-1.0, -1.0, 0.0)",0,Octahedral_Pd(II),Pd,+2,0,"(3, 2, 1)","(1, 2, 3)",0,True,Generate Lowest Energy,0
101,True,47.0,QIYOGOFA,C29H34N6O2Pd1,optimized,"('unq_CSD-NIBTIB-03-a', 'unq_CSD-COJQOI-02-a', 'unq_CSD-SOQYIJ-01-b')","('C11H12N2O1', 'C11H10N2O1', 'C7H12N2')","(-2.0, 0.0, 0.0)",0,Octahedral_Pd(II),Pd,+2,0,"(3, 2, 1)","(1, 2, 3)",0,True,Generate Lowest Energy,0
102,True,48.0,AZIJOPAG,C28H21N9O1Pd1S1,optimized,"('unq_CSD-SIZWUW-03-a', 'unq_CSD-SOLGUV-02-a', 'unq_CSD-WAVGEG-01-b')","('C14H12N1O1S1', 'C11H2N7', 'C3H7N1')","(-1.0, -1.0, 0.0)",0,Octahedral_Pd(II),Pd,+2,0,"(3, 2, 1)","(1, 2, 3)",0,True,Generate Lowest Energy,0
103,False,,,C35H32N6O2Pd1,non-planar tridentate,"('unq_CSD-APACIE-03-b', 'unq_CSD-FOCMIU-02-a', 'unq_CSD-SOVCIQ-01-b')","('C12H9N1O2', 'C14H11N3', 'C9H12N2')","(-2.0, 0.0, 0.0)",0,Octahedral_Pd(II),Pd,+2,0,"(3, 2, 1)","(1, 2, 3)",0,True,Generate Lowest Energy,0
104,True,49.0,NAYANASE,C24H25N11O2Pd1,optimized,"('unq_CSD-WACWUV-03-a', 'unq_CSD-SUGROC-02-a', 'unq_CSD-SOMLEM-01-a')","('C8H9N4O2', 'C14H12N3', 'C2H4N4')","(-1.0, -1.0, 0.0)",0,Octahedral_Pd(II),Pd,+2,0,"(3, 2, 1)","(1, 2, 3)",0,True,Generate Lowest Energy,0
105,True,50.0,PAFAXUKI,C17H36N10Pd1,optimized,"('unq_CSD-OPALAT-03-a', 'unq_CSD-LOQTUH-02-a', 'unq_CSD-XABFAJ-01-a')","('C8H16N2', 'C4H9N3', 'C5H11N5')","(-2.0, 0.0, 0.0)",0,Octahedral_Pd(II),Pd,+2,0,"(3, 2, 1)","(1, 2, 3)",0,True,Generate Lowest Energy,0
106,False,,,C33H27N7O5Pd1S1,clashing ligands,"('unq_CSD-POPCEF-03-a', 'unq_CSD-TALKOJ-02-a', 'unq_CSD-SIBSIF-01-b')","('C12H7N3O4S1', 'C12H11N3O1', 'C9H9N1')","(-2.0, 0.0, 0.0)",0,Octahedral_Pd(II),Pd,+2,0,"(3, 2, 1)","(1, 2, 3)",0,True,Generate Lowest Energy,0
107,True,51.0,IBOHOTEL,C32H35N7O3Pd1,optimized,"('unq_CSD-TOGROW-03-b', 'unq_CSD-POWWAA-02-a', 'unq_CSD-MUWDUF-01-a')","('C12H12N2O2', 'C12H8N2O1', 'C8H15N3')","(-2.0, 0.0, 0.0)",0,Octahedral_Pd(II),Pd,+2,0,"(3, 2, 1)","(1, 2, 3)",0,True,Generate Lowest Energy,0
108,True,52.0,QUDAMOKI,C30H22N8O1Pd1S1,optimized,"('unq_CSD-BEPNOZ-03-a', 'unq_CSD-PELWEL-02-b', 'unq_CSD-LOQVUJ-01-b')","('C11H11N1O1S1', 'C16H6N6', 'C3H5N1')","(-2.0, 0.0, 0.0)",0,Octahedral_Pd(II),Pd,+2,0,"(3, 2, 1)","(1, 2, 3)",0,True,Generate Lowest Energy,0
109,False,,,C38H28N6O1Pd1S1,broken bonds,"('unq_CSD-QIYGUC-03-a', 'unq_CSD-SOXDOA-02-a', 'unq_CSD-PCPCCR01-01-b')","('C13H10N3O1S1', 'C10H8N3', 'C15H10')","(-1.0, -1.0, 0.0)",0,Octahedral_Pd(II),Pd,+2,0,"(3, 2, 1)","(1, 2, 3)",0,True,Generate Lowest Energy,0
110,True,53.0,UFAJECUQ,C24H31N7Pd1S2,optimized,"('unq_CSD-LAYYIV-03-a', 'unq_CSD-HUBNAV-02-a', 'unq_CSD-PATQEJ-01-a')","('C6H6N4S1', 'C12H12N2S1', 'C6H13N1')","(-2.0, 0.0, 0.0)",0,Octahedral_Pd(II),Pd,+2,0,"(3, 2, 1)","(1, 2, 3)",0,True,Generate Lowest Energy,0
111,True,54.0,EGAQAXOB,C30H29N9O3Pd1S1,optimized,"('unq_CSD-HAVCUD-03-a', 'unq_CSD-TARHUR-02-a', 'unq_CSD-CIJROE-01-a')","('C14H10N2O3', 'C7H9N3S1', 'C9H10N4')","(-2.0, 0.0, 0.0)",0,Octahedral_Pd(II),Pd,+2,0,"(3, 2, 1)","(1, 2, 3)",0,True,Generate Lowest Energy,0
112,True,55.0,VOSASEYU,C33H35N7O2Pd1S1,optimized,"('unq_CSD-VAPHUR-03-a', 'unq_CSD-TICNOK-02-b', 'unq_CSD-QUZYUH-01-a')","('C8H10N4S1', 'C15H10N2O2', 'C10H15N1')","(-2.0, 0.0, 0.0)",0,Octahedral_Pd(II),Pd,+2,0,"(3, 2, 1)","(1, 2, 3)",0,True,Generate Lowest Energy,0
113,False,,,C25H29N3O2Pd1,clashing ligands,"('unq_CSD-JUCNEA-03-a', 'unq_CSD-VAMBOE-02-a', 'unq_CSD-TAMZEP-01-a')","('C8H11O2', 'C10H9N2', 'C7H9N1')","(-1.0, -1.0, 0.0)",0,Octahedral_Pd(II),Pd,+2,0,"(3, 2, 1)","(1, 2, 3)",0,True,Generate Lowest Energy,0
114,False,,,C19H21N9O3Pd1,clashing ligands,"('unq_CSD-KIHKUJ-03-a', 'unq_CSD-SEGMOH-02-a', 'unq_CSD-HOVRUF-01-a')","('C6H5O2', 'C7H9N4O1', 'C6H7N5')","(-1.0, -1.0, 0.0)",0,Octahedral_Pd(II),Pd,+2,0,"(3, 2, 1)","(1, 2, 3)",0,True,Generate Lowest Energy,0
115,True,56.0,OLENIBAV,C24H27N7O1Pd1,optimized,"('unq_CSD-ENAKOW-03-a', 'unq_CSD-GEJWOI-02-a', 'unq_CSD-PIKCET-01-d')","('C12H9N3O1', 'C5H7N3', 'C7H11N1')","(-2.0, 0.0, 0.0)",0,Octahedral_Pd(II),Pd,+2,0,"(3, 2, 1)","(1, 2, 3)",0,True,Generate Lowest Energy,0
116,True,57.0,EJUCESAC,C24H25N9O2Pd1,optimized,"('unq_CSD-KABZUJ-03-a', 'unq_CSD-SOXDOA-02-a', 'unq_CSD-YIPROH-01-c')","('C9H9N4O2', 'C10H8N3', 'C5H8N2')","(-1.0, -1.0, 0.0)",0,Octahedral_Pd(II),Pd,+2,0,"(3, 2, 1)","(1, 2, 3)",0,True,Generate Lowest Energy,0
117,False,,,C25H25N5Pd1,clashing ligands,"('unq_CSD-TULHIT-03-a', 'unq_CSD-JUHXIT-02-a', 'unq_CSD-MAHZEC-01-a')","('C8H9', 'C6H7N2', 'C11H9N3')","(-1.0, -1.0, 0.0)",0,Octahedral_Pd(II),Pd,+2,0,"(3, 2, 1)","(1, 2, 3)",0,True,Generate Lowest Energy,0
118,False,,,C26H27N5O2Pd1,clashing ligands,"('unq_CSD-WAPFUS-03-a', 'unq_CSD-PERWUG-02-b', 'unq_CSD-LOTMOW-01-b')","('C10H9O2', 'C11H11N2', 'C5H7N3')","(-1.0, -1.0, 0.0)",0,Octahedral_Pd(II),Pd,+2,0,"(3, 2, 1)","(1, 2, 3)",0,True,Generate Lowest Energy,0
119,True,58.0,KILOKAWA,C23H28N8O4Pd1S1,optimized,"('unq_CSD-MASXAH-03-a', 'unq_CSD-CIJBOO-02-a', 'unq_CSD-TEFNOJ-01-a')","('C9H10N3O1S1', 'C5H5N4O3', 'C9H13N1')","(-1.0, -1.0, 0.0)",0,Octahedral_Pd(II),Pd,+2,0,"(3, 2, 1)","(1, 2, 3)",0,True,Generate Lowest Energy,0
120,False,,,C22H28N4O1Pd1,clashing ligands,"('unq_CSD-CAGWAL-03-a', 'unq_CSD-PUJYEA-02-a', 'unq_CSD-SUTWAH-01-f')","('C6H7O1', 'C9H15N2', 'C7H6N2')","(-1.0, -1.0, 0.0)",0,Octahedral_Pd(II),Pd,+2,0,"(3, 2, 1)","(1, 2, 3)",0,True,Generate Lowest Energy,0
121,False,,,C20H25N7O1Pd1,non-planar tridentate,"('unq_CSD-ATIHUG-03-a', 'unq_CSD-FUYKUG-02-a', 'unq_CSD-LOBPOI-01-c')","('C9H15O1', 'C7H5N4', 'C4H5N3')","(-1.0, -1.0, 0.0)",0,Octahedral_Pd(II),Pd,+2,0,"(3, 2, 1)","(1, 2, 3)",0,True,Generate Lowest Energy,0
122,False,,,C36H27N5O5Pd1S1,clashing ligands,"('unq_CSD-NARQAA-03-a', 'unq_CSD-CIWDIV10-02-a', 'unq_CSD-PASZUG-01-a')","('C13H11N2O1S1', 'C10H7N2O4', 'C13H9N1')","(-1.0, -1.0, 0.0)",0,Octahedral_Pd(II),Pd,+2,0,"(3, 2, 1)","(1, 2, 3)",0,True,Generate Lowest Energy,0
123,False,,,C29H30N6O1Pd1S2,clashing ligands,"('unq_CSD-FUHHAT-03-a', 'unq_CSD-MARFUJ-02-a', 'unq_CSD-PELVAE-01-a')","('C11H11N3O1S1', 'C12H12N2S1', 'C6H7N1')","(-2.0, 0.0, 0.0)",0,Octahedral_Pd(II),Pd,+2,0,"(3, 2, 1)","(1, 2, 3)",0,True,Generate Lowest Energy,0
124,False,,,C5H14N5O1P3Pd1,non-planar tridentate,"('unq_CSD-CAFSOR-03-b', 'unq_CSD-EHOWOP-02-a', 'unq_CSD-PAGDUZ-01-a')","('P3', 'C3H7N4O1', 'C2H7N1')","(-1.0, -1.0, 0.0)",0,Octahedral_Pd(II),Pd,+2,0,"(3, 2, 1)","(1, 2, 3)",0,True,Generate Lowest Energy,0
125,False,,,C22H36N4O3Pd1,clashing ligands,"('unq_CSD-ETESUR-03-a', 'unq_CSD-MELDEP-02-a', 'unq_CSD-BAWNET-01-a')","('C5H9O1', 'C6H12N3O2', 'C11H15N1')","(-1.0, -1.0, 0.0)",0,Octahedral_Pd(II),Pd,+2,0,"(3, 2, 1)","(1, 2, 3)",0,True,Generate Lowest Energy,0
126,False,,,C29H39N9O1Pd1S1,clashing ligands,"('unq_CSD-RELDUK-03-a', 'unq_CSD-SUTLIC-02-a', 'unq_CSD-QALVIK-01-b')","('C7H12N4O1S1', 'C11H13N3', 'C11H14N2')","(-2.0, 0.0, 0.0)",0,Octahedral_Pd(II),Pd,+2,0,"(3, 2, 1)","(1, 2, 3)",0,True,Generate Lowest Energy,0
127,True,59.0,ZILECEDI,C24H30N8O1Pd1S1,optimized,"('unq_CSD-ROBPUT-03-a', 'unq_CSD-LAQFAK-02-a', 'unq_CSD-PAHMER-01-f')","('C8H12N4O1S1', 'C9H13N3', 'C7H5N1')","(-2.0, 0.0, 0.0)",0,Octahedral_Pd(II),Pd,+2,0,"(3, 2, 1)","(1, 2, 3)",0,True,Generate Lowest Energy,0
128,True,60.0,IKIDAMIG,C28H36N6O4Pd1S1,optimized,"('unq_CSD-WAWQUG-03-a', 'unq_CSD-MARTUW-02-a', 'unq_CSD-PAHKEQ-01-b')","('C10H12N3O1', 'C12H9N2O3S1', 'C6H15N1')","(-1.0, -1.0, 0.0)",0,Octahedral_Pd(II),Pd,+2,0,"(3, 2, 1)","(1, 2, 3)",0,True,Generate Lowest Energy,0
129,True,61.0,KOCATUNU,C31H37N9O2Pd1S1,optimized,"('unq_CSD-BICQAI-03-a', 'unq_CSD-BOYBEY-02-a', 'unq_CSD-SUZVOB-01-c')","('C11H13N3O1S1', 'C10H14N4O1', 'C10H10N2')","(-2.0, 0.0, 0.0)",0,Octahedral_Pd(II),Pd,+2,0,"(3, 2, 1)","(1, 2, 3)",0,True,Generate Lowest Energy,0
130,True,62.0,DEYIFUHU,C21H28N8O1Pd1S2,optimized,"('unq_CSD-JITCIY-03-a', 'unq_CSD-PETWAN-02-a', 'unq_CSD-BELNEN-01-a')","('C8H8N3O1S2', 'C10H15N2', 'C3H5N3')","(-1.0, -1.0, 0.0)",0,Octahedral_Pd(II),Pd,+2,0,"(3, 2, 1)","(1, 2, 3)",0,True,Generate Lowest Energy,0
131,False,,,C26H37N7O2Pd1,clashing ligands,"('unq_CSD-KIGGEO-03-a', 'unq_CSD-TEKYUD-02-a', 'unq_CSD-CAZIPD-01-b')","('C10H11N2', 'C10H12N3O2', 'C6H14N2')","(-1.0, -1.0, 0.0)",0,Octahedral_Pd(II),Pd,+2,0,"(3, 2, 1)","(1, 2, 3)",0,True,Generate Lowest Energy,0
132,False,,,C28H35N7O1Pd1S2,non-planar tridentate,"('unq_CSD-PIDFOZ-03-a', 'unq_CSD-HALFAC-02-a', 'unq_CSD-RUZGAW-01-b')","('C10H11N3O1S1', 'C9H11N3S1', 'C9H13N1')","(-2.0, 0.0, 0.0)",0,Octahedral_Pd(II),Pd,+2,0,"(3, 2, 1)","(1, 2, 3)",0,True,Generate Lowest Energy,0
133,False,,,C32H30N6O2Pd1,clashing ligands,"('unq_CSD-PACPEP-03-a', 'unq_CSD-MEMNOH-02-b', 'unq_CSD-JUVTUR-01-d')","('C14H10N2O2', 'C13H12N2', 'C5H8N2')","(-2.0, 0.0, 0.0)",0,Octahedral_Pd(II),Pd,+2,0,"(3, 2, 1)","(1, 2, 3)",0,True,Generate Lowest Energy,0
134,True,63.0,INIVAQOT,C22H28N6O1Pd1,optimized,"('unq_CSD-EHOGUE-03-a', 'unq_CSD-BARSAQ-02-c', 'unq_CSD-PAHJIT-01-b')","('C12H10N3O1', 'C6H7N2', 'C4H11N1')","(-1.0, -1.0, 0.0)",0,Octahedral_Pd(II),Pd,+2,0,"(3, 2, 1)","(1, 2, 3)",0,True,Generate Lowest Energy,0
135,False,,,C24H32N8O1Pd1,clashing ligands,"('unq_CSD-VOXPOQ-03-a', 'unq_CSD-KAKJEP-02-a', 'unq_CSD-JOJPAA-01-c')","('C7H11N4O1', 'C8H11N2', 'C9H10N2')","(-1.0, -1.0, 0.0)",0,Octahedral_Pd(II),Pd,+2,0,"(3, 2, 1)","(1, 2, 3)",0,True,Generate Lowest Energy,0
136,False,,,C40H31N7O2Pd1,non-planar tridentate,"('unq_CSD-APACIE-03-b', 'unq_CSD-POXBOW-02-a', 'unq_CSD-POFJUP-01-d')","('C12H9N1O2', 'C14H10N4', 'C14H12N2')","(-2.0, 0.0, 0.0)",0,Octahedral_Pd(II),Pd,+2,0,"(3, 2, 1)","(1, 2, 3)",0,True,Generate Lowest Energy,0
137,False,,,C26H28N8O2Pd1S2,non-planar tridentate,"('unq_CSD-TOMRIY-03-a', 'unq_CSD-TARHIF-02-a', 'unq_CSD-SUZVOB-01-c')","('C10H11N3O2S1', 'C6H7N3S1', 'C10H10N2')","(-2.0, 0.0, 0.0)",0,Octahedral_Pd(II),Pd,+2,0,"(3, 2, 1)","(1, 2, 3)",0,True,Generate Lowest Energy,0
138,False,,,C24H23N9O1Pd1S1,non-planar tridentate,"('unq_CSD-BALZAR-03-a', 'unq_CSD-PRPMCU-02-a', 'unq_CSD-TIDVEK-01-a')","('C8H7N3O1S1', 'C9H8N4', 'C7H8N2')","(-2.0, 0.0, 0.0)",0,Octahedral_Pd(II),Pd,+2,0,"(3, 2, 1)","(1, 2, 3)",0,True,Generate Lowest Energy,0
139,False,,,C34H30N6O1Pd1,clashing ligands,"('unq_CSD-NIBTIB-03-a', 'unq_CSD-BCAZFN-02-a', 'unq_CSD-QUVXEL-01-c')","('C11H12N2O1', 'C13H6N2', 'C10H12N2')","(-2.0, 0.0, 0.0)",0,Octahedral_Pd(II),Pd,+2,0,"(3, 2, 1)","(1, 2, 3)",0,True,Generate Lowest Energy,0
140,False,,,C20H22N6Pd1,clashing ligands,"('unq_CSD-EDUQID-03-a', 'unq_CSD-QENXOX-02-a', 'unq_CSD-PACXAV-01-a')","('C12H11', 'C8H8N5', 'H3N1')","(-1.0, -1.0, 0.0)",0,Octahedral_Pd(II),Pd,+2,0,"(3, 2, 1)","(1, 2, 3)",0,True,Generate Lowest Energy,0
141,False,,,C25H34N8Pd1S1,clashing ligands,"('unq_CSD-VAPJED-03-a', 'unq_CSD-SUVZEP-02-a', 'unq_CSD-GAZHUK-01-b')","('C10H11N3S1', 'C4H10N4', 'C11H13N1')","(-2.0, 0.0, 0.0)",0,Octahedral_Pd(II),Pd,+2,0,"(3, 2, 1)","(1, 2, 3)",0,True,Generate Lowest Energy,0
142,True,64.0,ORUBIZUR,C22H27N5O2Pd1,optimized,"('unq_CSD-SURZUC-03-a', 'unq_CSD-BAKRAH-02-a', 'unq_CSD-POGNUV-01-a')","('C13H9N1O2', 'C6H14N2', 'C3H4N2')","(-2.0, 0.0, 0.0)",0,Octahedral_Pd(II),Pd,+2,0,"(3, 2, 1)","(1, 2, 3)",0,True,Generate Lowest Energy,0
143,True,65.0,VEVITAFA,C30H28N10O3Pd1,optimized,"('unq_CSD-LUYTOQ-03-a', 'unq_CSD-BEZKIA-02-b', 'unq_CSD-TAWNAI-01-c')","('C13H11N4O1', 'C2H5N4O2', 'C15H12N2')","(-1.0, -1.0, 0.0)",0,Octahedral_Pd(II),Pd,+2,0,"(3, 2, 1)","(1, 2, 3)",0,True,Generate Lowest Energy,0
144,True,66.0,ULOXAZIM,C27H26N6O2Pd1S2,optimized,"('unq_CSD-SOSVEB-03-a', 'unq_CSD-QAZYAV-02-a', 'unq_CSD-POFVOY-01-c')","('C14H9N3S2', 'C6H8N2O2', 'C7H9N1')","(-2.0, 0.0, 0.0)",0,Octahedral_Pd(II),Pd,+2,0,"(3, 2, 1)","(1, 2, 3)",0,True,Generate Lowest Energy,0
145,False,,,C27H31N5O3Pd1,clashing ligands,"('unq_CSD-PACPEP-03-a', 'unq_CSD-TUJRIA-02-a', 'unq_CSD-PAGMIX-01-a')","('C14H10N2O2', 'C6H14N2O1', 'C7H7N1')","(-2.0, 0.0, 0.0)",0,Octahedral_Pd(II),Pd,+2,0,"(3, 2, 1)","(1, 2, 3)",0,True,Generate Lowest Energy,0
146,True,67.0,ISIFELIK,C27H32N8O1Pd1S1,optimized,"('unq_CSD-NIBTIB-03-a', 'unq_CSD-MUSWEC-02-a', 'unq_CSD-LUBXAJ-01-a')","('C11H12N2O1', 'C8H9N5S1', 'C8H11N1')","(-2.0, 0.0, 0.0)",0,Octahedral_Pd(II),Pd,+2,0,"(3, 2, 1)","(1, 2, 3)",0,True,Generate Lowest Energy,0
147,True,68.0,OTARURAC,C36H27N7O1Pd1S3,optimized,"('unq_CSD-CIGLIO-03-a', 'unq_CSD-GEMROG-02-a', 'unq_CSD-XUBNIS-01-d')","('C8H8N3S2', 'C14H8N3O1S1', 'C14H11N1')","(-1.0, -1.0, 0.0)",0,Octahedral_Pd(II),Pd,+2,0,"(3, 2, 1)","(1, 2, 3)",0,True,Generate Lowest Energy,0
148,False,,,C29H38N8O2Pd1,clashing ligands,"('unq_CSD-AYILUP-03-a', 'unq_CSD-POFHUO-02-a', 'unq_CSD-MASSAD-01-a')","('C13H10N3O2', 'C7H12N3', 'C9H16N2')","(-1.0, -1.0, 0.0)",0,Octahedral_Pd(II),Pd,+2,0,"(3, 2, 1)","(1, 2, 3)",0,True,Generate Lowest Energy,0
149,False,,,C31H29N5O2Pd1S2,clashing ligands,"('unq_CSD-PITSUG-03-a', 'unq_CSD-PAGXAW-02-a', 'unq_CSD-SATXOA-01-b')","('C7H3N1O2S2', 'C14H12N2', 'C10H14N2')","(-2.0, 0.0, 0.0)",0,Octahedral_Pd(II),Pd,+2,0,"(3, 2, 1)","(1, 2, 3)",0,True,Generate Lowest Energy,0
150,True,69.0,IQOCEKOL,C31H29N7Pd1S1,optimized,"('unq_CSD-MOXWEE-03-a', 'unq_CSD-QUNGEO-02-a', 'unq_CSD-TIDVEK-01-a')","('C13H9N1S1', 'C11H12N4', 'C7H8N2')","(-2.0, 0.0, 0.0)",0,Octahedral_Pd(II),Pd,+2,0,"(3, 2, 1)","(1, 2, 3)",0,True,Generate Lowest Energy,0
151,False,,,C29H32N6O3Pd1,clashing ligands,"('unq_CSD-TEGKOF-03-a', 'unq_CSD-QIQTAL-02-a', 'unq_CSD-JOJPEE-01-b')","('C14H11N1O2', 'C6H13N3O1', 'C9H8N2')","(-2.0, 0.0, 0.0)",0,Octahedral_Pd(II),Pd,+2,0,"(3, 2, 1)","(1, 2, 3)",0,True,Generate Lowest Energy,0
152,False,,,C34H31N5Pd1S2,non-planar tridentate,"('unq_CSD-MAZJUS-03-a', 'unq_CSD-QALVOO-02-a', 'unq_CSD-TAWNAI-01-c')","('C7H7N1S2', 'C12H12N2', 'C15H12N2')","(-2.0, 0.0, 0.0)",0,Octahedral_Pd(II),Pd,+2,0,"(3, 2, 1)","(1, 2, 3)",0,True,Generate Lowest Energy,0
153,False,,,C24H24N6O1Pd1,clashing ligands,"('unq_CSD-CAGWAL-03-a', 'unq_CSD-TOFYAR-02-a', 'unq_CSD-OCANIT-01-c')","('C6H7O1', 'C9H9N4', 'C9H8N2')","(-1.0, -1.0, 0.0)",0,Octahedral_Pd(II),Pd,+2,0,"(3, 2, 1)","(1, 2, 3)",0,True,Generate Lowest Energy,0
154,False,,,C37H32N4O3Pd1,clashing ligands,"('unq_CSD-ULURUP-03-a', 'unq_CSD-YERQAO-02-a', 'unq_CSD-SEMNAB-01-c')","('C12H11N1O2', 'C12H12N2O1', 'C13H9N1')","(-2.0, 0.0, 0.0)",0,Octahedral_Pd(II),Pd,+2,0,"(3, 2, 1)","(1, 2, 3)",0,True,Generate Lowest Energy,0
155,True,70.0,KIHETANI,C28H36N6O1Pd1S2,optimized,"('unq_CSD-AFIBUN-03-a', 'unq_CSD-KAKJEP-02-a', 'unq_CSD-RUZGAW-01-b')","('C11H12N3O1S2', 'C8H11N2', 'C9H13N1')","(-1.0, -1.0, 0.0)",0,Octahedral_Pd(II),Pd,+2,0,"(3, 2, 1)","(1, 2, 3)",0,True,Generate Lowest Energy,0
156,False,,,C18H23N7O5Pd1,clashing ligands,"('unq_CSD-MBYPTB-03-a', 'unq_CSD-VEQPAL-02-a', 'unq_CSD-PIVFEG-01-a')","('C8H11O4', 'C6H6N3O1', 'C4H6N4')","(-1.0, -1.0, 0.0)",0,Octahedral_Pd(II),Pd,+2,0,"(3, 2, 1)","(1, 2, 3)",0,True,Generate Lowest Energy,0
157,False,,,C24H34N8O2Pd1,clashing ligands,"('unq_CSD-DADZUG-03-a', 'unq_CSD-BARCEE-02-a', 'unq_CSD-XAWCAZ-01-a')","('C10H10N4O2', 'C4H10N2', 'C10H14N2')","(-2.0, 0.0, 0.0)",0,Octahedral_Pd(II),Pd,+2,0,"(3, 2, 1)","(1, 2, 3)",0,True,Generate Lowest Energy,0
158,False,,,C24H34N4O4Pd1,clashing ligands,"('unq_CSD-VEZHOA-03-a', 'unq_CSD-XAQYET-02-a', 'unq_CSD-DOPYUD-01-b')","('C10H11O2', 'C8H15N2O2', 'C6H8N2')","(-1.0, -1.0, 0.0)",0,Octahedral_Pd(II),Pd,+2,0,"(3, 2, 1)","(1, 2, 3)",0,True,Generate Lowest Energy,0
159,True,71.0,WAFUMESI,C30H32N8O1Pd1S1,optimized,"('unq_CSD-BEPNOZ-03-a', 'unq_CSD-YUNYUE-02-a', 'unq_CSD-SOCTEK-01-a')","('C11H11N1O1S1', 'C8H12N4', 'C11H9N3')","(-2.0, 0.0, 0.0)",0,Octahedral_Pd(II),Pd,+2,0,"(3, 2, 1)","(1, 2, 3)",0,True,Generate Lowest Energy,0
160,True,72.0,IVAGISOD,C25H39N9Pd1S2,optimized,"('unq_CSD-YUJKET10-03-a', 'unq_CSD-SUTLIC-02-a', 'unq_CSD-GIBYAT-01-d')","('C8H12N4S2', 'C11H13N3', 'C6H14N2')","(-2.0, 0.0, 0.0)",0,Octahedral_Pd(II),Pd,+2,0,"(3, 2, 1)","(1, 2, 3)",0,True,Generate Lowest Energy,0
161,False,,,C30H31N7O1Pd1,clashing ligands,"('unq_CSD-LIMMIF-03-a', 'unq_CSD-QEQRAF-02-a', 'unq_CSD-DIFMOX-01-d')","('C16H11N2', 'C6H13N2O1', 'C8H7N3')","(-1.0, -1.0, 0.0)",0,Octahedral_Pd(II),Pd,+2,0,"(3, 2, 1)","(1, 2, 3)",0,True,Generate Lowest Energy,0
162,True,73.0,BOQETUGI,C23H21N7O2Pd1S2,optimized,"('unq_CSD-JITCIY-03-a', 'unq_CSD-PIYBEH-02-a', 'unq_CSD-POTRIB-01-a')","('C8H8N3O1S2', 'C10H7N2O1', 'C5H6N2')","(-1.0, -1.0, 0.0)",0,Octahedral_Pd(II),Pd,+2,0,"(3, 2, 1)","(1, 2, 3)",0,True,Generate Lowest Energy,0
163,True,74.0,BAVIQIDO,C33H37N7O1Pd1,optimized,"('unq_CSD-LIQNIK-03-a', 'unq_CSD-RIKLAA-02-a', 'unq_CSD-AJEBAS-01-d')","('C13H12N3O1', 'C13H13N2', 'C7H12N2')","(-1.0, -1.0, 0.0)",0,Octahedral_Pd(II),Pd,+2,0,"(3, 2, 1)","(1, 2, 3)",0,True,Generate Lowest Energy,0
164,True,75.0,AXECOQEK,C20H30N14O1Pd1,optimized,"('unq_CSD-RARTEM-03-a', 'unq_CSD-MEBWIC-02-a', 'unq_CSD-XABFAJ-01-a')","('C12H12N5', 'C3H7N4O1', 'C5H11N5')","(-1.0, -1.0, 0.0)",0,Octahedral_Pd(II),Pd,+2,0,"(3, 2, 1)","(1, 2, 3)",0,True,Generate Lowest Energy,0
165,True,76.0,ZASOWONE,C29H28N8Pd1S1,optimized,"('unq_CSD-JUKQIR-03-a', 'unq_CSD-SOXDOA-02-a', 'unq_CSD-SOGWEQ-01-b')","('C12H11N4S1', 'C10H8N3', 'C7H9N1')","(-1.0, -1.0, 0.0)",0,Octahedral_Pd(II),Pd,+2,0,"(3, 2, 1)","(1, 2, 3)",0,True,Generate Lowest Energy,0
166,False,,,C36H35N5O2Pd1S1,non-planar tridentate,"('unq_CSD-IMIFES-03-a', 'unq_CSD-LAQFAK-02-a', 'unq_CSD-SOVCIQ-01-c')","('C14H11N1O2S1', 'C9H13N3', 'C13H11N1')","(-2.0, 0.0, 0.0)",0,Octahedral_Pd(II),Pd,+2,0,"(3, 2, 1)","(1, 2, 3)",0,True,Generate Lowest Energy,0
167,False,,,C24H31N7O4Pd1S1,non-planar tridentate,"('unq_CSD-BOVPUY-03-a', 'unq_CSD-LAGHAG-02-a', 'unq_CSD-PALZOS-01-a')","('C8H11N2O3S1', 'C8H9N4O1', 'C8H11N1')","(-1.0, -1.0, 0.0)",0,Octahedral_Pd(II),Pd,+2,0,"(3, 2, 1)","(1, 2, 3)",0,True,Generate Lowest Energy,0
168,False,,,C37H34N6O1Pd1S1,non-planar tridentate,"('unq_CSD-MOHROS-03-a', 'unq_CSD-HESBAL-02-b', 'unq_CSD-POWFEN-01-c')","('C10H12N3O1S1', 'C14H13N2', 'C13H9N1')","(-1.0, -1.0, 0.0)",0,Octahedral_Pd(II),Pd,+2,0,"(3, 2, 1)","(1, 2, 3)",0,True,Generate Lowest Energy,0
169,False,,,C24H26N4Pd1S2,non-planar tridentate,"('unq_CSD-MAZJUS-03-a', 'unq_CSD-GOCQUL-02-a', 'unq_CSD-KAPZIL-01-b')","('C7H7N1S2', 'C9H10N2', 'C8H9N1')","(-2.0, 0.0, 0.0)",0,Octahedral_Pd(II),Pd,+2,0,"(3, 2, 1)","(1, 2, 3)",0,True,Generate Lowest Energy,0
170,True,77.0,EFOQUPAM,C22H21N7O3Pd1S1,optimized,"('unq_CSD-MASXAH-03-a', 'unq_CSD-YOZSAK-02-a', 'unq_CSD-LIHHAN-01-a')","('C9H10N3O1S1', 'C6H5N2O2', 'C7H6N2')","(-1.0, -1.0, 0.0)",0,Octahedral_Pd(II),Pd,+2,0,"(3, 2, 1)","(1, 2, 3)",0,True,Generate Lowest Energy,0
171,True,78.0,IQABUMOY,C30H38N8O2Pd1,optimized,"('unq_CSD-LIQNIK-03-a', 'unq_CSD-HEFZAW-02-a', 'unq_CSD-LUMGOQ-01-f')","('C13H12N3O1', 'C7H15N4O1', 'C10H11N1')","(-1.0, -1.0, 0.0)",0,Octahedral_Pd(II),Pd,+2,0,"(3, 2, 1)","(1, 2, 3)",0,True,Generate Lowest Energy,0
172,True,79.0,UVUKUYEM,C32H27N7O2Pd1,optimized,"('unq_CSD-PACPEP-03-a', 'unq_CSD-YIYKAT-02-a', 'unq_CSD-PIDQIE-01-a')","('C14H10N2O2', 'C13H11N3', 'C5H6N2')","(-2.0, 0.0, 0.0)",0,Octahedral_Pd(II),Pd,+2,0,"(3, 2, 1)","(1, 2, 3)",0,True,Generate Lowest Energy,0
173,True,80.0,IMAHUWIP,C30H34N4O3Pd1,optimized,"('unq_CSD-ULURUP-03-a', 'unq_CSD-SIPXIZ-02-b', 'unq_CSD-TUDKOS-01-b')","('C12H11N1O2', 'C12H10N2O1', 'C6H13N1')","(-2.0, 0.0, 0.0)",0,Octahedral_Pd(II),Pd,+2,0,"(3, 2, 1)","(1, 2, 3)",0,True,Generate Lowest Energy,0
174,False,,,C29H30N8O2Pd1,clashing ligands,"('unq_CSD-POYMAS-03-a', 'unq_CSD-QENXOX-02-a', 'unq_CSD-TAPWAK-01-b')","('C9H10N1O2', 'C8H8N5', 'C12H12N2')","(-1.0, -1.0, 0.0)",0,Octahedral_Pd(II),Pd,+2,0,"(3, 2, 1)","(1, 2, 3)",0,True,Generate Lowest Energy,0
175,True,81.0,JAWECEZE,C23H23N9O1Pd1,optimized,"('unq_CSD-JUXCOX-03-a', 'unq_CSD-DEMWEB-02-a', 'unq_CSD-TIDVEK-01-a')","('C14H10N3', 'C2H5N4O1', 'C7H8N2')","(-1.0, -1.0, 0.0)",0,Octahedral_Pd(II),Pd,+2,0,"(3, 2, 1)","(1, 2, 3)",0,True,Generate Lowest Energy,0
176,True,82.0,DAGETIYA,C25H33N7O1Pd1S2,optimized,"('unq_CSD-DELZIH-03-a', 'unq_CSD-BIMSUO-02-a', 'unq_CSD-ZOMHAN-01-b')","('C8H9N3S2', 'C10H14N2O1', 'C7H10N2')","(-2.0, 0.0, 0.0)",0,Octahedral_Pd(II),Pd,+2,0,"(3, 2, 1)","(1, 2, 3)",0,True,Generate Lowest Energy,0
177,False,,,C25H22N4O1Pd1,clashing ligands,"('unq_CSD-TOLPEP-03-a', 'unq_CSD-TAPDIY-02-a', 'unq_CSD-PAZTIW-01-d')","('C7H7', 'C6H5N2O1', 'C12H10N2')","(-1.0, -1.0, 0.0)",0,Octahedral_Pd(II),Pd,+2,0,"(3, 2, 1)","(1, 2, 3)",0,True,Generate Lowest Energy,0
178,False,,,C33H31N5O1Pd1S1,non-planar tridentate,"('unq_CSD-MASSEH-03-a', 'unq_CSD-GEMROG-02-a', 'unq_CSD-JEPFOD-01-a')","('C8H11', 'C14H8N3O1S1', 'C11H12N2')","(-1.0, -1.0, 0.0)",0,Octahedral_Pd(II),Pd,+2,0,"(3, 2, 1)","(1, 2, 3)",0,True,Generate Lowest Energy,0
179,False,,,C20H27N3O3Pd1S1,clashing ligands,"('unq_CSD-FAWSEB-03-a', 'unq_CSD-TAHZEK-02-a', 'unq_CSD-PALZUY-01-a')","('C6H9', 'C11H9N2O3S1', 'C3H9N1')","(-1.0, -1.0, 0.0)",0,Octahedral_Pd(II),Pd,+2,0,"(3, 2, 1)","(1, 2, 3)",0,True,Generate Lowest Energy,0
180,False,,,C30H37N7O1Pd1S1,non-planar tridentate,"('unq_CSD-LIGKUI-03-a', 'unq_CSD-OZOJUJ-02-a', 'unq_CSD-KOFJOH-01-a')","('C9H9N3O1S1', 'C6H16N2', 'C15H12N2')","(-2.0, 0.0, 0.0)",0,Octahedral_Pd(II),Pd,+2,0,"(3, 2, 1)","(1, 2, 3)",0,True,Generate Lowest Energy,0
181,False,,,C25H25N5O4Pd1S1,non-planar tridentate,"('unq_CSD-BIGJOR-03-a', 'unq_CSD-KELFAJ-02-a', 'unq_CSD-LILMUP-01-a')","('C11H9N2O3S1', 'C10H7N2O1', 'C4H9N1')","(-1.0, -1.0, 0.0)",0,Octahedral_Pd(II),Pd,+2,0,"(3, 2, 1)","(1, 2, 3)",0,True,Generate Lowest Energy,0
182,False,,,C29H39N7O1Pd1,non-planar tridentate,"('unq_CSD-MAESCU10-03-a', 'unq_CSD-YEHMUT-02-b', 'unq_CSD-BASTAT-01-a')","('C11H15N2O1', 'C9H13N2', 'C9H11N3')","(-1.0, -1.0, 0.0)",0,Octahedral_Pd(II),Pd,+2,0,"(3, 2, 1)","(1, 2, 3)",0,True,Generate Lowest Energy,0
183,False,,,C22H29N9O4Pd1S1,clashing ligands,"('unq_CSD-WACWUV-03-a', 'unq_CSD-POLGUU-02-a', 'unq_CSD-PATPOS-01-a')","('C8H9N4O2', 'C10H9N4O2S1', 'C4H11N1')","(-1.0, -1.0, 0.0)",0,Octahedral_Pd(II),Pd,+2,0,"(3, 2, 1)","(1, 2, 3)",0,True,Generate Lowest Energy,0
184,False,,,C16H24N8O3Pd1,clashing ligands,"('unq_CSD-YAZJAK-03-a', 'unq_CSD-TANPII-02-a', 'unq_CSD-JUJPIN-01-b')","('C11H15O2', 'C1H3N4O1', 'C4H6N4')","(-1.0, -1.0, 0.0)",0,Octahedral_Pd(II),Pd,+2,0,"(3, 2, 1)","(1, 2, 3)",0,True,Generate Lowest Energy,0
185,False,,,C31H32N8O1Pd1S1,clashing ligands,"('unq_CSD-JUKQOX-03-b', 'unq_CSD-JAKPAM-02-a', 'unq_CSD-FIYYUI-01-b')","('C11H9N4S1', 'C8H9N2O1', 'C12H14N2')","(-1.0, -1.0, 0.0)",0,Octahedral_Pd(II),Pd,+2,0,"(3, 2, 1)","(1, 2, 3)",0,True,Generate Lowest Energy,0
186,False,,,C24H20N4O2Pd1,clashing ligands,"('unq_CSD-WARSIV-03-a', 'unq_CSD-OZOVUX-02-a', 'unq_CSD-PELVAE-01-a')","('C11H9', 'C7H4N3O2', 'C6H7N1')","(-1.0, -1.0, 0.0)",0,Octahedral_Pd(II),Pd,+2,0,"(3, 2, 1)","(1, 2, 3)",0,True,Generate Lowest Energy,0
187,True,83.0,ASIDELIB,C29H27N7O5Pd1,optimized,"('unq_CSD-CAGHOL-03-a', 'unq_CSD-SIPXIZ-02-b', 'unq_CSD-GETZAI-01-a')","('C11H10N2O4', 'C12H10N2O1', 'C6H7N3')","(-2.0, 0.0, 0.0)",0,Octahedral_Pd(II),Pd,+2,0,"(3, 2, 1)","(1, 2, 3)",0,True,Generate Lowest Energy,0
188,False,,,C37H31N7O3Pd1,clashing ligands,"('unq_CSD-PCSCUP20-03-b', 'unq_CSD-ABZLPT10-02-a', 'unq_CSD-XODPEL-01-c')","('C13H10N3O2', 'C14H11N2O1', 'C10H10N2')","(-1.0, -1.0, 0.0)",0,Octahedral_Pd(II),Pd,+2,0,"(3, 2, 1)","(1, 2, 3)",0,True,Generate Lowest Energy,0
189,False,,,C17H35N7O1Pd1,clashing ligands,"('unq_CSD-FUMXER-03-a', 'unq_CSD-MEBWIC-02-a', 'unq_CSD-MINLAX-01-d')","('C9H15', 'C3H7N4O1', 'C5H13N3')","(-1.0, -1.0, 0.0)",0,Octahedral_Pd(II),Pd,+2,0,"(3, 2, 1)","(1, 2, 3)",0,True,Generate Lowest Energy,0
190,True,84.0,XIDEZETU,C25H38N6O2Pd1,optimized,"('unq_CSD-TOGROW-03-b', 'unq_CSD-MOZDUB-02-a', 'unq_CSD-PALJAP-01-b')","('C12H12N2O2', 'C8H18N2', 'C5H8N2')","(-2.0, 0.0, 0.0)",0,Octahedral_Pd(II),Pd,+2,0,"(3, 2, 1)","(1, 2, 3)",0,True,Generate Lowest Energy,0
191,True,85.0,EHOJAXEK,C29H28N8O3Pd1,optimized,"('unq_CSD-ENAKOW-03-a', 'unq_CSD-CUBGAJ-02-a', 'unq_CSD-JUVTUR-01-d')","('C12H9N3O1', 'C12H11N3O2', 'C5H8N2')","(-2.0, 0.0, 0.0)",0,Octahedral_Pd(II),Pd,+2,0,"(3, 2, 1)","(1, 2, 3)",0,True,Generate Lowest Energy,0
192,True,86.0,IJEXAHAX,C32H33N9Pd1,optimized,"('unq_CSD-JITCEX-03-a', 'unq_CSD-TOFXUK-02-a', 'unq_CSD-ADIDOI-01-a')","('C14H10N3', 'C10H11N4', 'C8H12N2')","(-1.0, -1.0, 0.0)",0,Octahedral_Pd(II),Pd,+2,0,"(3, 2, 1)","(1, 2, 3)",0,True,Generate Lowest Energy,0
193,True,87.0,ARECAYOB,C26H23N7Pd1S3,optimized,"('unq_CSD-LAYYIV-03-a', 'unq_CSD-BUSYOE-02-a', 'unq_CSD-CADGAS-01-a')","('C6H6N4S1', 'C6H4N2S2', 'C14H13N1')","(-2.0, 0.0, 0.0)",0,Octahedral_Pd(II),Pd,+2,0,"(3, 2, 1)","(1, 2, 3)",0,True,Generate Lowest Energy,0
194,True,88.0,QOYENEMO,C34H31N5O1Pd1S1,optimized,"('unq_CSD-UHOJOS-03-a', 'unq_CSD-GARGIS-02-a', 'unq_CSD-NAHLEO-01-b')","('C8H8N2O1S1', 'C13H14N2', 'C13H9N1')","(-2.0, 0.0, 0.0)",0,Octahedral_Pd(II),Pd,+2,0,"(3, 2, 1)","(1, 2, 3)",0,True,Generate Lowest Energy,0
195,True,89.0,CAYAMAYO,C23H33N13O1Pd1S1,optimized,"('unq_CSD-RELDUK-03-a', 'unq_CSD-TAWMUB-02-a', 'unq_CSD-HOVRUF-01-a')","('C7H12N4O1S1', 'C10H14N4', 'C6H7N5')","(-2.0, 0.0, 0.0)",0,Octahedral_Pd(II),Pd,+2,0,"(3, 2, 1)","(1, 2, 3)",0,True,Generate Lowest Energy,0
196,False,,,C31H30N8O2Pd1,clashing ligands,"('unq_CSD-SIWDUY-03-a', 'unq_CSD-CIRREA-02-a', 'unq_CSD-XADQUR-01-a')","('C10H12N1O1', 'C8H8N3O1', 'C13H10N4')","(-1.0, -1.0, 0.0)",0,Octahedral_Pd(II),Pd,+2,0,"(3, 2, 1)","(1, 2, 3)",0,True,Generate Lowest Energy,0
197,False,,,C25H30N4O1Pd1,non-planar tridentate,"('unq_CSD-GATMAQ-03-a', 'unq_CSD-FOWTUG-02-a', 'unq_CSD-TUWKEB-01-b')","('C10H11', 'C2H6N3O1', 'C13H13N1')","(-1.0, -1.0, 0.0)",0,Octahedral_Pd(II),Pd,+2,0,"(3, 2, 1)","(1, 2, 3)",0,True,Generate Lowest Energy,0
198,False,,,C33H30N8O2Pd1S2,clashing ligands,"('unq_CSD-IFEXID-03-a', 'unq_CSD-GEMROG-02-a', 'unq_CSD-TEFNOJ-01-a')","('C10H9N4O1S1', 'C14H8N3O1S1', 'C9H13N1')","(-1.0, -1.0, 0.0)",0,Octahedral_Pd(II),Pd,+2,0,"(3, 2, 1)","(1, 2, 3)",0,True,Generate Lowest Energy,0
199,False,,,C23H30N6O1Pd1,clashing ligands,"('unq_CSD-HEWHIA-03-a', 'unq_CSD-YEHMAZ-02-a', 'unq_CSD-PABQUE-01-b')","('C8H15N2O1', 'C7H9N2', 'C8H6N2')","(-1.0, -1.0, 0.0)",0,Octahedral_Pd(II),Pd,+2,0,"(3, 2, 1)","(1, 2, 3)",0,True,Generate Lowest Energy,0
200,True,90.0,SOGUMACI,C24H32N4O2Pd1S1,optimized,"('unq_CSD-ATOMUS-03-a', 'unq_CSD-PAJGUE-02-a', 'unq_CSD-PIKCET-01-d')","('C14H11N1O2S1', 'C3H10N2', 'C7H11N1')","(-2.0, 0.0, 0.0)",0,Octahedral_Pd(II),Pd,+2,0,"(3, 2, 1)","(1, 2, 3)",0,True,Generate Lowest Energy,0
201,False,,,C33H22N4O2Pd1,non-planar tridentate,"('unq_CSD-APACIE-03-b', 'unq_CSD-IJIGOA-02-a', 'unq_CSD-CAGHUR-01-a')","('C12H9N1O2', 'C14H8N2', 'C7H5N1')","(-2.0, 0.0, 0.0)",0,Octahedral_Pd(II),Pd,+2,0,"(3, 2, 1)","(1, 2, 3)",0,True,Generate Lowest Energy,0
202,True,91.0,WAMIMUGI,C30H34N8O1Pd1S1,optimized,"('unq_CSD-BEPNOZ-03-a', 'unq_CSD-LUKWUL-02-c', 'unq_CSD-JUCQEG-01-b')","('C11H11N1O1S1', 'C10H11N3', 'C9H12N4')","(-2.0, 0.0, 0.0)",0,Octahedral_Pd(II),Pd,+2,0,"(3, 2, 1)","(1, 2, 3)",0,True,Generate Lowest Energy,0
203,True,92.0,ANITAZAZ,C27H27N5O2Pd1,optimized,"('unq_CSD-SURZUC-03-a', 'unq_CSD-NEKZAG-02-a', 'unq_CSD-PIDQEA-01-a')","('C13H9N1O2', 'C8H10N2', 'C6H8N2')","(-2.0, 0.0, 0.0)",0,Octahedral_Pd(II),Pd,+2,0,"(3, 2, 1)","(1, 2, 3)",0,True,Generate Lowest Energy,0
204,False,,,C25H30N8O3Pd1S1,clashing ligands,"('unq_CSD-LUNNIT-03-a', 'unq_CSD-BCDPDQ01-02-a', 'unq_CSD-MOWDOS-01-d')","('C10H9N4O1S1', 'C6H5N2O2', 'C9H16N2')","(-1.0, -1.0, 0.0)",0,Octahedral_Pd(II),Pd,+2,0,"(3, 2, 1)","(1, 2, 3)",0,True,Generate Lowest Energy,0
205,False,,,C25H42N4O4Pd1,clashing ligands,"('unq_CSD-SOMNUF-03-a', 'unq_CSD-NENVOR-02-b', 'unq_CSD-PYRZNI-01-a')","('C11H13O2', 'C6H15N2O2', 'C8H14N2')","(-1.0, -1.0, 0.0)",0,Octahedral_Pd(II),Pd,+2,0,"(3, 2, 1)","(1, 2, 3)",0,True,Generate Lowest Energy,0
206,False,,,C25H25N7O1Pd1,clashing ligands,"('unq_CSD-HETJOF-03-a', 'unq_CSD-COBLOX-02-a', 'unq_CSD-JIZVOG-01-a')","('C3H5O1', 'C12H10N5', 'C10H10N2')","(-1.0, -1.0, 0.0)",0,Octahedral_Pd(II),Pd,+2,0,"(3, 2, 1)","(1, 2, 3)",0,True,Generate Lowest Energy,0
207,True,93.0,JAHOGUCE,C29H31N9O1Pd1,optimized,"('unq_CSD-JUSXED-03-a', 'unq_CSD-SIMFOL-02-a', 'unq_CSD-WEZBIO-01-a')","('C13H11N3O1', 'C11H10N2', 'C5H10N4')","(-2.0, 0.0, 0.0)",0,Octahedral_Pd(II),Pd,+2,0,"(3, 2, 1)","(1, 2, 3)",0,True,Generate Lowest Energy,0
208,True,94.0,FAQILAXU,C29H24N10Pd1,optimized,"('unq_CSD-VAPCAS-03-a', 'unq_CSD-WOZXEO-02-a', 'unq_CSD-TEPGIH-01-c')","('C14H10N3', 'C8H8N3', 'C7H6N4')","(-1.0, -1.0, 0.0)",0,Octahedral_Pd(II),Pd,+2,0,"(3, 2, 1)","(1, 2, 3)",0,True,Generate Lowest Energy,0
209,False,,,C38H26N8O4Pd1,clashing ligands,"('unq_CSD-PANLAU-03-a', 'unq_CSD-BEHKEG-02-a', 'unq_CSD-SUXVIR-01-d')","('C11H9N5', 'C14H8N2O4', 'C13H9N1')","(0.0, -2.0, 0.0)",0,Octahedral_Pd(II),Pd,+2,0,"(3, 2, 1)","(1, 2, 3)",0,True,Generate Lowest Energy,0
210,True,95.0,DIPAMELA,C30H28N8O1Pd1S1,optimized,"('unq_CSD-POQSAP-03-a', 'unq_CSD-PUGGEF-02-c', 'unq_CSD-PIDPOJ-01-a')","('C12H12N2O1S1', 'C13H10N4', 'C5H6N2')","(-2.0, 0.0, 0.0)",0,Octahedral_Pd(II),Pd,+2,0,"(3, 2, 1)","(1, 2, 3)",0,True,Generate Lowest Energy,0
211,True,96.0,CURIZELA,C21H29N7O2Pd1S1,optimized,"('unq_CSD-BOQRAB-03-a', 'unq_CSD-PADZOM-02-a', 'unq_CSD-LUPMAN-01-a')","('C9H9N3O2S1', 'C6H8N2', 'C6H12N2')","(-2.0, 0.0, 0.0)",0,Octahedral_Pd(II),Pd,+2,0,"(3, 2, 1)","(1, 2, 3)",0,True,Generate Lowest Energy,0
212,True,97.0,XUDABARI,C26H30N6Pd1S2,optimized,"('unq_CSD-DELZIH-03-a', 'unq_CSD-POWTAW-02-a', 'unq_CSD-OMAPID-01-a')","('C8H9N3S2', 'C10H14N2', 'C8H7N1')","(-2.0, 0.0, 0.0)",0,Octahedral_Pd(II),Pd,+2,0,"(3, 2, 1)","(1, 2, 3)",0,True,Generate Lowest Energy,0
213,True,98.0,QAFECIME,C27H29N7O1Pd1,optimized,"('unq_CSD-OWAFUO-03-a', 'unq_CSD-YEHMAZ-02-a', 'unq_CSD-PIZKOZ-01-a')","('C9H11N4O1', 'C7H9N2', 'C11H9N1')","(-1.0, -1.0, 0.0)",0,Octahedral_Pd(II),Pd,+2,0,"(3, 2, 1)","(1, 2, 3)",0,True,Generate Lowest Energy,0
214,False,,,C30H29N7O3Pd1,non-planar tridentate,"('unq_CSD-MUYWEL-03-a', 'unq_CSD-ZUPXUG-02-a', 'unq_CSD-YAFHOE-01-b')","('C12H8N2O2', 'C12H11N3O1', 'C6H10N2')","(-2.0, 0.0, 0.0)",0,Octahedral_Pd(II),Pd,+2,0,"(3, 2, 1)","(1, 2, 3)",0,True,Generate Lowest Energy,0
215,True,99.0,IYUKUVEW,C18H26N8O2Pd1S1,optimized,"('unq_CSD-PEBLUF-03-a', 'unq_CSD-MEBWIC-02-a', 'unq_CSD-VANPIJ-01-c')","('C10H8N3O1S1', 'C3H7N4O1', 'C5H11N1')","(-1.0, -1.0, 0.0)",0,Octahedral_Pd(II),Pd,+2,0,"(3, 2, 1)","(1, 2, 3)",0,True,Generate Lowest Energy,0
